;Refrigerator;Boiler;Wash_Dryer;Dish_Washer;Solar_Thermal_Pumping_Station;Laptop_Computer;Television;Home_Theater_PC;Kettle;Toaster;Microwave;Computer_Monitor;Audio_System;Vaccum_Cleaner;Hair_Dryer;Hair_Straighteners;Clothing_Iron;Oven;Fan;Washing_Machine;EV;Electric_Water_Heater;Washing_Machine_2;Total_Power
0;0;0;0;0;0;0;0;0;0;0;0;0;0;0;0;0;0;0;0;0;0;0;0;0
1;0;0;0;0;0;0;0;0;0;0;0;0;0;0;0;0;0;0;0;0;0;0;0;0
2;0;0;0;0;0;0;0;0;0;0;0;0;0;0;0;0;0;0;0;0;0;0;0;0
3;0;0;0;0;0;0;0;0;0;0;0;0;0;0;0;0;0;0;0;0;0;0;0;0
4;0;0;0;0;0;0;0;0;0;0;0;0;0;0;0;0;0;0;0;0;0;0;0;0
5;0;0;0;0;0;0;0;0;0;0;0;0;0;0;0;0;0;0;0;0;0;0;0;0
6;0;0;0;0;0;0;0;0;0;0;0;0;0;0;0;0;0;0;0;0;0;0;0;0
7;0;0;0;0;0;0;0;0;0;0;0;0;0;0;0;0;0;0;0;0;0;0;0;0
8;0;0;0;0;0;0;0;0;0;0;0;0;0;0;0;0;0;0;0;0;0;0;0;0
9;0;0;0;0;0;0;0;0;0;0;0;0;0;0;0;0;0;0;0;0;0;0;0;0
10;0;0;0;0;0;0;0;0;0;0;0;0;0;0;0;0;0;0;0;0;0;0;0;0
11;0;0;0;0;0;0;0;0;0;0;0;0;0;0;0;0;0;0;0;0;0;0;0;0
12;0;0;0;0;0;0;0;0;0;0;0;0;0;0;0;0;0;0;0;0;0;0;0;0
13;0;0;0;0;0;0;0;0;0;0;0;0;0;0;0;0;0;0;0;0;0;0;0;0
14;0;0;0;0;0;0;0;0;0;0;0;0;0;0;0;0;0;0;0;0;0;0;0;0
15;0;0;0;0;0;0;0;0;0;0;0;0;0;0;0;0;0;0;0;0;0;0;0;0
16;0;0;0;0;0;0;0;0;0;0;0;0;0;0;0;0;0;0;0;0;0;0;0;0
17;0;0;0;0;0;0;0;0;0;0;0;0;0;0;0;0;0;0;0;0;0;0;0;0
18;0;0;0;0;0;0;0;0;0;0;0;0;0;0;0;0;0;0;0;0;0;0;0;0
19;0;0;0;0;0;0;0;0;0;0;0;0;0;0;0;0;0;0;0;0;0;0;0;0
20;0;0;0;0;0;0;0;0;0;0;0;0;0;0;0;0;0;0;0;0;0;0;0;0
21;0;0;0;0;0;0;0;0;0;0;0;0;0;0;0;0;0;0;0;0;0;0;0;0
22;0;0;0;0;0;0;0;0;0;0;0;0;0;0;0;0;0;0;0;0;0;0;0;0
23;0;0;0;0;0;0;0;0;0;0;0;0;0;0;0;0;0;0;0;0;0;0;0;0
24;0;0;0;0;0;0;0;0;0;0;0;0;0;0;0;0;0;0;0;0;0;0;0;0
25;0;0;0;0;0;0;0;0;0;0;0;0;0;0;0;0;0;0;0;0;0;0;0;0
26;0;0;0;0;0;0;0;0;0;0;0;0;0;0;0;0;0;0;0;0;0;0;0;0
27;0;0;0;0;0;0;0;0;0;0;0;0;0;0;0;0;0;0;0;0;0;0;0;0
28;0;0;0;0;0;0;0;0;0;0;0;0;0;0;0;0;0;0;0;0;0;0;0;0
29;0;0;0;0;0;0;0;0;0;0;0;0;0;0;0;0;0;0;0;0;0;0;0;0
30;75;0;0;0;0;0;0;0;0;0;0;0;0;0;0;0;0;0;0;0;0;0;0;75
31;75;0;0;0;0;0;0;0;0;0;0;0;0;0;0;0;0;0;0;0;0;0;0;75
32;75;0;0;0;0;0;0;0;0;0;0;0;0;0;0;0;0;0;0;0;0;0;0;75
33;75;0;0;0;0;0;0;0;0;0;0;0;0;0;0;0;0;0;0;0;0;0;0;75
34;75;0;0;0;0;0;0;0;0;0;0;0;0;0;0;0;0;0;0;0;0;0;0;75
35;75;0;0;0;0;0;0;0;0;0;0;0;0;0;0;0;0;0;0;0;0;0;0;75
36;75;0;0;0;0;0;0;0;0;0;0;0;0;0;0;0;0;0;0;0;0;0;0;75
37;75;0;0;0;0;0;0;0;0;0;0;0;0;0;0;0;0;0;0;0;0;0;0;75
38;75;0;0;0;0;0;0;0;0;0;0;0;0;0;0;0;0;0;0;0;0;0;0;75
39;75;0;0;0;0;0;0;0;0;0;0;0;0;0;0;0;0;0;0;0;0;0;0;75
40;75;0;0;0;0;0;0;0;0;0;0;0;0;0;0;0;0;0;0;0;0;0;0;75
41;75;0;0;0;0;0;0;0;0;0;0;0;0;0;0;0;0;0;0;0;0;0;0;75
42;75;0;0;0;0;0;0;0;0;0;0;0;0;0;0;0;0;0;0;0;0;0;0;75
43;75;0;0;0;0;0;0;0;0;0;0;0;0;0;0;0;0;0;0;0;0;0;0;75
44;75;0;0;0;0;0;0;0;0;0;0;0;0;0;0;0;0;0;0;0;0;0;0;75
45;75;0;0;0;0;0;0;0;0;0;0;0;0;0;0;0;0;0;0;0;0;0;0;75
46;75;0;500;0;0;0;0;0;0;0;0;0;0;0;0;0;0;0;0;0;0;0;0;575
47;75;0;500;0;0;0;0;0;0;0;0;0;0;0;0;0;0;0;0;0;0;0;0;575
48;75;0;500;0;0;0;0;0;0;0;0;0;0;0;0;0;0;0;0;0;0;0;0;575
49;75;0;500;0;0;0;0;0;0;0;0;0;0;0;0;0;0;0;0;0;0;0;0;575
50;75;0;500;0;0;0;0;0;0;0;0;0;0;0;0;0;0;0;0;0;0;0;0;575
51;75;0;500;0;0;0;0;0;0;0;0;0;0;0;0;0;0;0;0;0;0;0;0;575
52;75;0;500;0;0;0;0;0;0;0;0;0;0;0;0;0;0;0;0;0;0;0;0;575
53;75;0;500;0;0;0;0;0;0;0;0;0;0;0;0;0;0;0;0;0;0;0;0;575
54;75;0;500;0;0;0;0;0;0;0;0;0;0;0;0;0;0;0;0;0;0;0;0;575
55;75;0;500;0;0;0;0;0;0;0;0;0;0;0;0;0;0;0;0;0;0;0;0;575
56;75;0;500;0;0;0;0;0;0;0;0;0;0;0;0;0;0;0;0;0;0;0;0;575
57;75;0;500;0;0;0;0;0;0;0;0;0;0;0;0;0;0;0;0;0;0;0;0;575
58;75;0;500;0;0;0;0;0;0;0;0;0;0;0;0;0;0;0;0;0;0;0;0;575
59;75;0;500;0;0;0;0;0;0;0;0;0;0;0;0;0;0;0;0;0;0;0;0;575
60;0;0;500;0;0;0;0;0;0;0;0;0;0;0;0;0;0;0;0;0;0;0;0;500
61;0;0;500;0;0;0;0;0;0;0;0;0;0;0;0;0;0;0;0;0;0;0;0;500
62;0;0;500;0;0;0;0;0;0;0;0;0;0;0;0;0;0;0;0;0;0;0;0;500
63;0;0;500;0;0;0;0;0;0;0;0;0;0;0;0;0;0;0;0;0;0;0;0;500
64;0;0;500;0;0;0;0;0;0;0;0;0;0;0;0;0;0;0;0;0;0;0;0;500
65;0;0;500;0;0;0;0;0;0;0;0;0;0;0;0;0;0;0;0;0;0;0;0;500
66;0;0;500;0;0;0;0;0;0;0;0;0;0;0;0;0;0;0;0;0;0;0;0;500
67;0;0;500;0;0;0;0;0;0;0;0;0;0;0;0;0;0;0;0;0;0;0;0;500
68;0;0;500;0;0;0;0;0;0;0;0;0;0;0;0;0;0;0;0;0;0;0;0;500
69;0;0;500;0;0;0;0;0;0;0;0;0;0;0;0;0;0;0;0;0;0;0;0;500
70;0;0;500;0;0;0;0;0;0;0;0;0;0;0;0;0;0;0;0;0;0;0;0;500
71;0;0;500;0;0;0;0;0;0;0;0;0;0;0;0;0;0;0;0;0;0;0;0;500
72;0;0;500;0;0;0;0;0;0;0;0;0;0;0;0;0;0;0;0;0;0;0;0;500
73;0;0;500;0;0;0;0;0;0;0;0;0;0;0;0;0;0;0;0;0;0;0;0;500
74;0;0;500;0;0;0;0;0;0;0;0;0;0;0;0;0;0;0;0;0;0;0;0;500
75;0;0;500;0;0;0;0;0;0;0;0;0;0;0;0;0;0;0;0;0;0;0;0;500
76;0;0;500;0;0;0;0;0;0;0;0;0;0;0;0;0;0;0;0;0;0;0;0;500
77;0;0;500;0;0;0;0;0;0;0;0;0;0;0;0;0;0;0;0;0;0;0;0;500
78;0;0;500;0;0;0;0;0;0;0;0;0;0;0;0;0;0;0;0;0;0;0;0;500
79;0;0;500;0;0;0;0;0;0;0;0;0;0;0;0;0;0;0;0;0;0;0;0;500
80;0;0;500;0;0;0;0;0;0;0;0;0;0;0;0;0;0;0;0;0;0;0;0;500
81;0;0;500;0;0;0;0;0;0;0;0;0;0;0;0;0;0;0;0;0;0;0;0;500
82;0;0;500;0;0;0;0;0;0;0;0;0;0;0;0;0;0;0;0;0;0;0;0;500
83;0;0;500;0;0;0;0;0;0;0;0;0;0;0;0;0;0;0;0;0;0;0;0;500
84;0;0;500;0;0;0;0;0;0;0;0;0;0;0;0;0;0;0;0;0;0;0;0;500
85;0;0;500;0;0;0;0;0;0;0;0;0;0;0;0;0;0;0;0;0;0;0;0;500
86;0;0;500;0;0;0;0;0;0;0;0;0;0;0;0;0;0;0;0;0;0;0;0;500
87;0;0;500;0;0;0;0;0;0;0;0;0;0;0;0;0;0;0;0;0;0;0;0;500
88;0;0;500;0;0;0;0;0;0;0;0;0;0;0;0;0;0;0;0;0;0;0;0;500
89;0;0;500;0;0;0;0;0;0;0;0;0;0;0;0;0;0;0;0;0;0;0;0;500
90;75;0;500;0;0;0;0;0;0;0;0;0;0;0;0;0;0;0;0;0;0;0;0;575
91;75;0;500;0;0;0;0;0;0;0;0;0;0;0;0;0;0;0;0;0;0;0;0;575
92;75;0;500;0;0;0;0;0;0;0;0;0;0;0;0;0;0;0;0;0;0;0;0;575
93;75;0;500;0;0;0;0;0;0;0;0;0;0;0;0;0;0;0;0;0;0;0;0;575
94;75;0;500;0;0;0;0;0;0;0;0;0;0;0;0;0;0;0;0;0;0;0;0;575
95;75;0;500;0;0;0;0;0;0;0;0;0;0;0;0;0;0;0;0;0;0;0;0;575
96;75;0;500;0;0;0;0;0;0;0;0;0;0;0;0;0;0;0;0;0;0;0;0;575
97;75;0;500;0;0;0;0;0;0;0;0;0;0;0;0;0;0;0;0;0;0;0;0;575
98;75;0;500;0;0;0;0;0;0;0;0;0;0;0;0;0;0;0;0;0;0;0;0;575
99;75;0;500;0;0;0;0;0;0;0;0;0;0;0;0;0;0;0;0;0;0;0;0;575
100;75;0;500;0;0;0;0;0;0;0;0;0;0;0;0;0;0;0;0;0;0;0;0;575
101;75;0;500;0;0;0;0;0;0;0;0;0;0;0;0;0;0;0;0;0;0;0;0;575
102;75;0;500;0;0;0;0;0;0;0;0;0;0;0;0;0;0;0;0;0;0;0;0;575
103;75;0;500;0;0;0;0;0;0;0;0;0;0;0;0;0;0;0;0;0;0;0;0;575
104;75;0;500;0;0;0;0;0;0;0;0;0;0;0;0;0;0;0;25;0;0;0;0;600
105;75;0;500;0;0;0;0;0;0;0;0;0;0;0;0;0;0;0;25;0;0;0;0;600
106;75;0;500;0;0;0;0;0;0;0;0;0;0;0;0;0;0;0;25;0;0;0;0;600
107;75;0;500;0;0;0;0;0;0;0;0;0;0;0;0;0;0;0;25;0;0;0;0;600
108;75;0;500;0;0;0;0;0;0;0;0;0;0;0;0;0;0;0;25;0;0;0;0;600
109;75;0;500;0;0;0;0;0;0;0;0;0;0;0;0;0;0;0;25;0;0;0;0;600
110;75;0;500;0;0;0;0;0;0;0;0;0;0;0;0;0;0;0;25;0;0;0;0;600
111;75;0;500;0;0;0;0;0;0;0;0;0;0;0;0;0;0;0;25;0;0;0;0;600
112;75;0;500;0;0;0;0;0;0;0;0;0;0;0;0;0;0;0;25;0;0;0;0;600
113;75;0;0;0;0;0;0;0;0;0;0;0;0;0;0;0;0;0;25;0;0;0;0;100
114;75;0;0;0;0;0;0;0;0;0;0;0;0;0;0;0;0;0;25;0;0;0;0;100
115;75;0;0;0;0;0;0;0;0;0;0;0;0;0;0;0;0;0;25;0;0;0;0;100
116;75;0;0;0;0;0;0;0;0;0;0;0;0;0;0;0;0;0;25;0;0;0;0;100
117;75;0;0;0;0;0;0;0;0;0;0;0;0;0;0;0;0;0;25;0;0;0;0;100
118;75;0;0;0;0;0;0;0;0;0;0;0;0;0;0;0;0;0;25;0;0;0;0;100
119;75;0;0;0;0;0;0;0;0;0;0;0;0;0;0;0;0;0;25;0;0;0;0;100
120;0;0;0;0;0;0;0;0;0;0;0;0;0;0;0;0;0;0;25;0;0;0;0;25
121;0;0;0;0;0;0;0;0;0;0;0;0;0;0;0;0;0;0;25;0;0;0;0;25
122;0;0;0;0;0;0;0;0;0;0;0;0;0;0;0;0;0;0;25;0;0;0;0;25
123;0;0;0;0;0;0;0;0;0;0;0;0;0;0;0;0;0;0;25;0;0;0;0;25
124;0;0;0;0;0;0;0;0;0;0;0;0;0;0;0;0;0;0;25;0;0;0;0;25
125;0;0;0;0;0;0;0;0;0;0;0;0;0;0;0;0;0;0;25;0;0;0;0;25
126;0;0;0;0;0;0;0;0;0;0;0;0;0;0;0;0;0;0;25;0;0;0;0;25
127;0;0;0;0;0;0;0;0;0;0;0;0;0;0;0;0;0;0;25;0;0;0;0;25
128;0;0;0;0;0;0;0;0;0;0;0;0;0;0;0;0;0;0;25;450;0;0;0;475
129;0;0;0;0;0;0;0;0;0;0;0;0;0;0;0;0;0;0;25;450;0;0;0;475
130;0;0;0;0;0;0;0;0;0;0;0;0;0;0;0;0;1100;0;25;450;0;0;0;1575
131;0;0;0;0;0;0;0;0;0;0;0;0;0;0;0;0;1100;0;25;450;0;0;0;1575
132;0;0;0;0;0;0;0;0;0;0;0;0;0;0;0;0;1100;0;25;450;0;0;0;1575
133;0;0;0;0;0;0;0;0;0;0;0;0;0;0;0;0;1100;0;25;450;0;0;0;1575
134;0;0;0;0;0;0;0;0;0;0;0;0;0;0;0;0;1100;0;25;450;0;0;0;1575
135;0;0;0;0;0;0;0;0;0;0;0;0;0;0;0;0;1100;0;25;450;0;0;0;1575
136;0;0;0;0;0;0;0;0;0;0;0;0;0;0;0;0;1100;0;25;450;0;0;0;1575
137;0;0;0;0;0;0;0;0;0;0;0;0;0;0;0;0;1100;0;25;450;0;0;0;1575
138;0;0;0;0;0;0;0;0;0;0;0;0;0;0;0;0;0;0;25;450;0;0;0;475
139;0;0;0;0;55;0;0;0;0;0;0;0;0;0;0;0;0;0;25;450;0;0;0;530
140;0;0;0;0;55;0;0;0;0;0;0;0;0;0;0;0;0;0;25;450;0;0;0;530
141;0;0;0;0;55;0;0;0;0;0;0;0;0;0;0;0;0;0;25;450;0;0;0;530
142;0;0;0;0;55;0;0;0;0;0;400;0;0;0;0;0;0;0;25;450;0;0;0;930
143;0;0;0;0;55;0;0;0;0;0;400;0;0;0;0;0;0;0;25;450;0;0;0;930
144;0;0;0;0;55;0;0;0;0;0;400;0;0;0;0;0;0;0;25;450;0;0;0;930
145;0;0;0;0;55;0;0;0;0;0;400;0;0;0;0;0;0;0;25;450;0;0;0;930
146;0;0;0;0;55;0;0;0;0;0;400;0;0;0;0;0;0;0;25;450;0;0;0;930
147;0;0;0;0;55;0;0;0;0;0;400;0;0;0;0;0;0;0;25;450;0;0;0;930
148;0;0;0;0;55;0;0;0;0;0;400;0;0;0;0;0;0;0;25;450;0;0;0;930
149;0;0;0;0;55;0;0;0;0;0;400;0;0;0;0;0;0;0;25;450;0;0;0;930
150;75;0;0;0;55;0;0;0;0;0;400;0;0;0;0;0;0;0;25;450;0;0;0;1005
151;75;0;0;0;55;0;0;0;0;0;400;0;0;0;0;0;0;0;25;450;0;0;0;1005
152;75;0;0;0;55;0;0;0;0;0;400;0;0;0;0;0;0;0;25;450;0;0;0;1005
153;75;0;0;0;55;0;0;0;0;0;400;0;0;0;0;0;0;0;25;450;0;0;0;1005
154;75;0;0;0;55;0;0;0;0;0;400;0;0;0;0;0;0;0;25;450;0;0;0;1005
155;75;0;0;0;55;0;0;0;0;0;400;0;0;0;0;0;0;0;25;450;0;0;0;1005
156;75;0;0;0;55;0;0;0;0;0;400;0;0;0;0;0;0;0;25;450;0;0;0;1005
157;75;0;0;0;55;0;0;0;0;0;400;0;0;0;0;0;0;0;25;450;0;0;0;1005
158;75;0;0;0;55;0;0;0;0;0;400;0;0;0;0;0;0;0;25;450;0;0;0;1005
159;75;0;0;0;55;0;0;0;0;0;400;0;0;0;0;0;0;0;25;450;0;0;0;1005
160;75;0;0;0;55;0;0;0;0;0;400;0;0;0;0;0;0;0;25;450;0;0;0;1005
161;75;0;0;0;55;0;0;0;0;0;400;0;0;0;0;0;0;0;25;450;0;0;0;1005
162;75;0;0;0;55;0;0;0;0;0;0;0;0;0;0;0;0;0;25;450;0;0;0;605
163;75;0;0;0;55;0;0;0;0;0;0;0;0;0;0;0;0;0;25;450;0;0;0;605
164;75;0;0;0;55;0;0;0;0;0;0;0;0;0;0;0;0;0;25;450;0;0;0;605
165;75;0;0;0;55;0;0;0;0;0;0;0;0;0;0;0;0;0;25;450;0;0;0;605
166;75;0;0;0;55;0;0;0;0;0;0;0;0;0;0;0;0;0;25;450;0;0;0;605
167;75;0;0;0;55;0;0;0;0;0;0;0;0;0;0;0;0;0;25;450;0;0;0;605
168;75;0;0;0;55;0;0;0;0;0;0;0;0;0;0;0;0;0;25;450;0;0;0;605
169;75;0;0;0;55;0;0;0;0;0;0;0;0;0;0;0;0;0;25;450;0;0;0;605
170;75;0;0;0;55;0;0;0;0;0;0;0;0;0;0;0;0;0;25;450;0;0;0;605
171;75;0;0;0;55;0;0;0;0;0;0;0;0;0;0;0;0;0;25;450;0;0;0;605
172;75;0;0;0;55;0;0;0;0;0;0;0;0;0;0;0;0;0;25;450;0;0;0;605
173;75;0;0;0;55;0;0;0;0;0;0;0;0;0;0;0;0;0;25;450;0;0;0;605
174;75;0;0;0;55;0;0;0;0;0;0;0;0;0;0;0;0;0;25;450;0;0;0;605
175;75;0;0;0;55;0;0;0;0;0;0;0;0;0;0;0;0;0;25;450;0;0;0;605
176;75;0;0;0;55;0;0;0;0;0;0;0;0;0;0;0;0;0;25;450;0;0;0;605
177;75;0;0;0;55;0;0;0;0;0;0;0;0;0;0;0;0;0;25;450;0;0;0;605
178;75;0;0;0;55;0;0;0;0;0;0;0;0;0;0;0;0;0;25;450;0;0;0;605
179;75;0;0;0;55;0;0;0;0;0;0;0;0;0;0;0;0;0;25;450;0;0;0;605
180;0;0;0;0;55;0;0;0;0;0;0;0;0;0;0;0;0;0;25;450;0;0;0;530
181;0;0;0;0;55;0;0;0;0;0;0;0;0;0;0;0;0;0;25;450;0;0;0;530
182;0;0;0;0;55;0;0;0;0;0;0;0;0;0;0;0;0;0;25;450;0;0;0;530
183;0;0;0;0;55;0;0;0;0;0;0;0;0;0;0;0;0;0;25;450;0;0;0;530
184;0;0;0;0;55;0;0;0;0;0;0;0;0;0;0;0;0;0;25;450;0;0;0;530
185;0;0;0;0;55;0;0;0;0;0;0;0;0;0;0;0;0;0;25;450;0;0;0;530
186;0;0;0;0;55;0;0;0;0;0;0;0;0;0;0;0;0;0;25;450;0;0;0;530
187;0;0;0;0;55;0;0;0;0;0;0;0;0;0;0;0;0;0;25;450;0;0;0;530
188;0;0;0;0;55;0;0;0;0;0;0;0;0;0;0;0;0;0;25;450;0;0;0;530
189;0;0;0;0;55;0;0;0;0;0;0;0;0;0;0;0;0;0;25;450;0;0;0;530
190;0;0;0;0;55;0;0;0;0;0;0;0;0;0;0;0;0;0;25;450;0;0;0;530
191;0;0;0;0;55;0;0;0;0;0;0;0;0;0;0;0;0;0;25;450;0;0;0;530
192;0;0;0;0;55;0;0;0;0;0;0;0;0;0;0;0;0;0;25;450;0;0;0;530
193;0;0;0;0;55;0;0;0;0;0;0;0;0;0;0;0;0;0;25;450;0;0;0;530
194;0;0;0;0;55;0;0;0;0;0;0;0;0;0;0;0;0;0;25;450;0;0;0;530
195;0;0;0;0;55;0;0;0;0;0;0;0;0;0;0;0;0;0;25;450;0;0;0;530
196;0;0;0;0;55;0;0;0;0;0;0;0;0;0;0;0;0;0;25;450;0;0;0;530
197;0;0;0;0;55;0;0;0;0;0;0;0;0;0;0;0;0;0;25;450;0;0;0;530
198;0;0;0;0;55;0;0;0;0;0;0;0;0;0;0;0;0;0;25;450;0;0;0;530
199;0;0;0;0;55;0;0;0;0;0;0;0;0;0;0;0;0;0;25;450;0;0;0;530
200;0;0;0;0;55;0;0;0;0;0;0;0;0;0;0;0;0;0;25;450;0;0;0;530
201;0;0;0;0;55;0;0;0;0;0;0;0;0;0;0;0;0;0;25;450;0;0;0;530
202;0;0;0;0;55;0;0;0;0;0;0;0;0;0;0;0;0;0;25;450;0;0;0;530
203;0;0;0;0;55;0;0;0;0;0;0;0;0;0;0;0;0;0;25;450;0;0;0;530
204;0;0;0;0;55;0;0;0;0;0;0;0;0;0;0;0;0;0;0;450;0;0;0;505
205;0;0;0;0;55;0;0;0;0;0;0;0;0;0;0;0;0;0;0;450;0;0;0;505
206;0;0;0;0;55;0;0;0;0;0;0;0;0;0;0;0;0;0;0;450;0;0;0;505
207;0;0;0;0;55;0;0;0;0;0;0;0;0;0;0;0;0;0;0;450;0;0;0;505
208;0;0;0;0;55;0;0;0;0;0;0;0;0;0;0;0;0;0;0;450;0;0;0;505
209;0;0;0;0;55;0;0;0;0;0;0;0;0;0;0;0;0;0;0;450;0;0;0;505
210;75;0;0;0;55;0;0;0;0;0;0;0;0;0;0;0;0;0;0;450;0;0;0;580
211;75;0;0;0;55;0;0;0;0;0;0;0;0;0;0;0;0;0;0;450;0;0;0;580
212;75;0;0;0;55;0;0;0;0;0;0;0;0;0;0;0;0;0;0;450;0;0;0;580
213;75;0;0;0;55;0;0;0;0;0;0;0;0;0;0;0;0;0;0;450;0;0;0;580
214;75;0;0;0;55;0;0;0;0;0;0;0;0;0;0;0;0;0;0;450;0;0;0;580
215;75;0;0;0;55;0;0;0;0;0;0;0;0;0;0;0;0;0;0;450;0;0;0;580
216;75;0;0;0;55;0;0;0;0;0;0;0;0;0;0;0;0;0;0;450;0;0;0;580
217;75;0;0;0;55;0;0;0;0;0;0;0;0;0;0;0;0;0;0;450;0;0;0;580
218;75;0;0;0;55;0;0;0;0;0;0;0;0;0;0;0;0;0;0;450;0;0;0;580
219;75;0;0;0;55;0;0;0;0;0;0;0;0;0;0;0;0;0;0;450;0;0;0;580
220;75;0;0;0;55;0;0;0;0;0;0;0;0;0;0;0;0;0;0;450;0;0;0;580
221;75;0;0;0;55;0;0;0;0;0;0;0;0;0;0;0;0;0;0;450;0;0;0;580
222;75;0;0;0;55;0;0;0;0;0;0;0;0;0;0;0;0;0;0;450;0;0;0;580
223;75;0;0;0;55;0;0;0;0;0;0;0;0;0;0;0;0;0;0;450;0;0;0;580
224;75;0;0;0;55;0;0;0;0;0;0;0;0;0;0;0;0;0;0;450;0;0;0;580
225;75;0;0;0;55;0;0;0;0;0;0;0;0;0;0;0;0;0;0;450;0;0;0;580
226;75;0;0;0;55;0;0;0;0;0;0;0;0;0;0;0;0;0;0;450;0;0;0;580
227;75;0;0;0;55;0;0;0;0;0;0;0;0;0;0;0;0;0;0;450;0;0;0;580
228;75;0;0;0;55;0;0;0;0;0;0;0;0;0;0;0;0;0;0;0;0;0;0;130
229;75;0;0;0;55;0;0;0;0;0;0;0;0;0;0;0;0;0;0;0;0;0;0;130
230;75;0;0;0;55;0;0;0;0;0;0;0;0;0;0;0;0;0;0;0;0;0;0;130
231;75;0;0;0;55;0;0;0;0;0;0;0;0;0;0;0;0;0;0;0;0;0;0;130
232;75;0;0;0;55;0;0;0;0;0;0;0;0;0;0;0;0;0;0;0;0;0;0;130
233;75;0;0;0;55;0;0;0;0;0;0;0;0;0;0;0;0;0;0;0;0;0;0;130
234;75;0;0;0;55;0;0;0;0;0;0;0;0;0;0;0;0;0;0;0;0;0;0;130
235;75;0;0;0;55;0;0;0;0;0;0;0;0;0;0;0;0;0;0;0;0;0;0;130
236;75;0;0;0;55;0;0;0;0;0;0;0;0;0;0;0;0;0;0;0;0;0;0;130
237;75;0;0;0;55;0;0;0;0;0;0;0;0;0;0;0;0;0;0;0;0;0;0;130
238;75;0;0;0;55;0;0;0;0;0;0;0;0;0;0;0;0;0;0;0;0;0;0;130
239;75;0;0;0;55;0;0;0;0;0;0;0;0;0;0;0;0;0;0;0;0;0;0;130
240;0;0;0;0;55;0;0;0;0;0;0;0;0;0;0;0;0;0;0;0;0;0;0;55
241;0;0;0;0;55;0;0;0;0;0;0;0;0;0;0;0;0;0;0;0;0;0;0;55
242;0;0;0;0;55;0;0;0;0;0;0;0;0;0;0;0;0;0;0;0;0;0;0;55
243;0;0;0;0;55;0;0;0;0;0;0;0;0;0;0;0;0;0;0;0;0;0;0;55
244;0;0;0;0;55;0;0;0;0;0;0;0;0;0;0;0;0;0;0;0;0;0;0;55
245;0;0;0;0;55;0;0;0;0;0;0;0;0;0;0;0;0;0;0;0;0;0;0;55
246;0;0;0;0;55;0;0;0;0;0;0;0;0;0;0;0;0;0;0;0;0;0;0;55
247;0;0;0;0;55;0;0;0;0;0;0;0;0;0;0;0;0;0;0;0;0;0;0;55
248;0;0;0;0;55;0;0;0;0;0;0;0;0;0;0;0;0;0;0;0;0;0;0;55
249;0;0;0;0;55;0;0;0;0;0;0;0;0;0;0;0;0;0;0;0;0;0;0;55
250;0;0;0;0;55;0;0;0;0;0;0;0;0;0;0;0;0;0;0;0;0;0;0;55
251;0;0;0;0;55;0;0;0;0;0;0;0;0;0;0;0;0;0;0;0;0;0;0;55
252;0;0;0;0;55;0;0;0;0;0;0;0;0;0;0;0;0;0;0;0;0;0;0;55
253;0;0;0;0;55;0;0;0;0;0;0;0;0;0;0;0;0;0;0;0;0;0;0;55
254;0;0;0;0;55;0;0;0;0;0;0;0;0;0;0;0;0;0;0;0;0;0;0;55
255;0;0;0;0;55;0;0;0;0;0;0;0;0;0;0;0;0;0;0;0;0;0;0;55
256;0;0;0;0;55;0;0;0;0;0;0;0;0;0;0;0;0;0;0;0;0;0;0;55
257;0;0;0;0;55;0;0;0;0;0;0;0;0;0;0;0;0;0;0;0;0;0;0;55
258;0;0;0;0;55;0;0;0;0;0;0;0;0;0;0;0;0;0;0;0;0;0;0;55
259;0;0;0;0;55;0;0;0;0;0;0;0;0;0;0;0;0;0;0;0;0;0;0;55
260;0;0;0;0;55;0;0;0;0;0;0;0;0;0;0;0;0;0;0;0;0;0;0;55
261;0;0;0;0;55;0;0;0;0;0;0;0;0;0;0;0;0;0;0;0;0;0;0;55
262;0;0;0;0;55;0;0;0;0;0;0;0;0;0;0;0;0;0;0;0;0;0;0;55
263;0;0;0;0;55;0;0;0;0;0;0;0;0;0;0;0;0;0;0;0;0;0;0;55
264;0;0;0;0;55;0;0;0;0;0;0;0;0;0;0;0;0;0;0;0;0;0;0;55
265;0;0;0;0;55;0;0;0;0;0;0;0;0;0;0;0;0;0;0;0;0;0;0;55
266;0;0;0;0;55;0;0;0;0;0;0;0;0;0;0;0;0;0;0;0;0;0;0;55
267;0;0;0;0;55;0;0;0;0;0;0;0;0;0;0;0;0;0;0;0;0;0;0;55
268;0;0;0;0;55;0;0;0;0;0;0;0;0;0;0;0;0;0;0;0;0;0;0;55
269;0;0;0;0;55;0;0;0;0;0;0;0;0;0;0;0;0;0;0;0;0;0;0;55
270;75;0;0;0;55;0;0;0;0;0;0;0;0;0;0;0;0;0;0;0;0;0;0;130
271;75;0;0;0;55;0;0;0;0;0;0;0;0;0;0;0;0;0;0;0;0;0;0;130
272;75;0;0;0;55;0;0;0;0;0;0;0;0;0;0;0;0;0;0;0;0;0;0;130
273;75;0;0;0;55;0;0;0;0;0;0;0;0;0;0;0;0;0;0;0;0;0;0;130
274;75;0;0;0;55;0;0;0;0;0;0;0;0;0;0;0;0;0;0;0;0;0;0;130
275;75;0;0;0;55;0;0;0;0;0;0;0;0;0;0;0;0;0;0;0;0;0;0;130
276;75;0;0;0;55;0;0;0;0;0;0;0;0;0;0;0;0;0;0;0;0;0;0;130
277;75;0;0;0;55;0;0;0;0;0;0;0;0;0;0;0;0;0;0;0;0;0;0;130
278;75;0;0;0;55;0;0;0;0;0;0;0;0;0;0;0;0;0;0;0;0;0;0;130
279;75;0;0;0;55;0;0;0;0;0;0;0;0;0;0;0;0;0;0;0;0;0;0;130
280;75;0;0;0;55;0;0;0;0;0;0;0;0;0;0;0;0;0;0;0;0;0;0;130
281;75;0;0;0;55;0;0;0;0;0;0;0;0;0;0;0;0;0;0;0;0;0;0;130
282;75;0;0;0;55;0;0;0;0;0;0;0;0;0;0;0;0;0;0;0;0;0;0;130
283;75;0;0;0;55;0;0;0;0;0;0;0;0;0;0;0;0;0;0;0;0;0;0;130
284;75;0;0;0;55;0;0;0;0;0;0;0;0;0;0;0;0;0;0;0;0;0;0;130
285;75;0;0;0;55;0;0;0;0;0;0;0;0;0;0;0;0;0;0;0;0;0;0;130
286;75;0;0;0;55;0;0;0;0;0;0;0;0;0;0;0;0;0;0;0;0;0;0;130
287;75;0;0;0;55;0;0;0;0;0;0;0;0;0;0;0;0;0;0;0;0;0;0;130
288;75;0;0;0;55;0;0;0;0;0;0;0;0;0;0;0;0;0;0;0;0;0;0;130
289;75;0;0;0;55;0;0;0;0;0;0;0;0;0;0;0;0;0;0;0;0;0;0;130
290;75;0;0;0;55;0;0;0;0;0;0;0;0;0;0;0;0;0;0;0;0;0;0;130
291;75;0;0;0;55;0;0;0;0;0;0;0;0;0;0;0;0;0;0;0;0;0;0;130
292;75;0;0;0;55;0;0;0;0;0;0;0;0;0;0;0;0;0;0;0;0;0;0;130
293;75;0;0;0;55;0;0;0;0;0;0;0;0;0;0;0;0;0;0;0;0;0;0;130
294;75;0;0;0;55;0;0;0;0;0;0;0;0;0;0;0;0;0;0;0;0;0;0;130
295;75;0;0;0;55;0;0;0;0;0;0;0;0;0;0;0;0;0;0;0;0;0;0;130
296;75;0;0;0;55;0;0;0;0;0;0;0;0;0;0;0;0;0;0;0;0;0;0;130
297;75;0;0;0;55;0;0;0;0;0;0;0;0;0;0;0;0;0;0;0;0;0;0;130
298;75;0;0;0;55;0;0;0;0;0;0;0;0;0;0;0;0;0;0;0;0;0;0;130
299;75;0;0;0;55;0;0;0;0;0;0;0;0;0;0;0;0;0;0;0;0;0;0;130
300;0;0;0;0;55;0;0;0;0;0;0;0;0;0;0;0;0;0;0;0;0;0;0;55
301;0;0;0;0;55;0;0;0;0;0;0;0;0;0;0;0;0;0;0;0;0;0;0;55
302;0;0;0;0;55;0;0;0;0;0;0;0;0;0;0;0;0;0;0;0;0;0;0;55
303;0;0;0;0;55;0;0;0;0;0;0;0;0;0;0;0;0;0;0;0;0;0;0;55
304;0;0;0;0;55;0;0;0;0;0;0;0;0;0;0;0;0;0;0;0;0;0;0;55
305;0;0;0;0;55;0;0;0;0;0;0;0;0;0;0;0;0;0;0;0;0;0;0;55
306;0;0;0;0;55;0;0;0;0;0;0;0;0;0;0;0;0;0;0;0;0;0;0;55
307;0;0;0;0;55;0;0;0;0;0;0;0;0;0;0;0;0;0;0;0;0;0;0;55
308;0;0;0;0;55;0;0;0;0;0;0;0;0;0;0;0;0;0;0;0;0;0;0;55
309;0;0;0;0;55;0;0;0;0;0;0;0;0;0;0;0;0;0;0;0;0;0;0;55
310;0;0;0;0;55;0;0;0;0;0;0;0;0;0;0;0;0;0;0;0;0;0;0;55
311;0;0;0;0;55;0;0;0;0;0;0;0;0;0;0;0;0;0;0;0;0;0;0;55
312;0;0;0;0;55;0;0;0;0;0;0;0;0;0;0;0;0;0;0;0;0;0;0;55
313;0;0;0;0;55;0;0;0;0;0;0;0;0;0;0;0;0;0;0;0;0;0;0;55
314;0;0;0;0;55;0;0;0;0;0;0;0;0;0;0;0;0;0;0;0;0;0;0;55
315;0;0;0;0;55;0;0;0;0;0;0;0;0;0;0;0;0;0;0;0;0;0;0;55
316;0;0;0;0;55;0;0;0;0;0;0;0;0;0;0;0;0;0;0;0;0;0;0;55
317;0;0;0;0;55;0;0;0;0;0;0;0;0;0;0;0;0;0;0;0;0;0;0;55
318;0;0;0;0;55;0;0;0;0;0;0;0;0;0;0;0;0;0;0;0;0;0;0;55
319;0;0;0;0;55;0;0;0;0;0;0;0;0;0;0;0;0;0;0;0;0;0;0;55
320;0;0;0;0;55;0;0;0;0;0;0;0;0;0;0;0;0;0;0;0;0;0;0;55
321;0;0;0;0;55;0;0;0;0;0;0;0;0;0;0;0;0;0;0;0;0;0;0;55
322;0;0;0;0;55;0;0;0;0;0;0;0;0;0;0;0;0;0;0;0;0;0;0;55
323;0;0;0;0;55;0;0;0;0;0;0;0;0;0;0;0;0;0;0;0;0;0;0;55
324;0;0;0;0;55;0;0;0;0;0;0;0;0;0;0;0;0;0;0;0;0;0;0;55
325;0;0;0;0;55;0;0;0;0;0;0;0;0;0;0;0;0;0;0;0;0;0;0;55
326;0;0;0;0;55;0;0;0;0;0;0;0;0;0;0;0;0;0;0;0;0;0;0;55
327;0;0;0;0;55;0;0;0;0;0;0;0;0;0;0;0;0;0;0;0;0;0;0;55
328;0;0;0;0;55;0;0;0;0;0;0;0;0;0;0;0;0;0;0;0;0;0;0;55
329;0;0;0;0;55;0;0;0;0;0;0;0;0;0;0;0;0;0;0;0;0;0;0;55
330;75;0;0;0;55;0;0;0;0;0;0;0;0;0;0;0;0;0;0;0;0;0;0;130
331;75;0;0;0;55;0;0;0;0;0;0;0;0;0;0;0;0;0;0;0;0;0;0;130
332;75;0;0;0;55;0;0;0;0;0;0;0;0;0;0;0;0;0;0;0;0;0;0;130
333;75;0;0;0;55;0;0;0;0;0;0;0;0;0;0;0;0;0;0;0;0;0;0;130
334;75;0;0;0;55;0;0;0;0;0;0;0;0;0;0;0;0;0;0;0;0;0;0;130
335;75;0;0;0;55;0;0;0;0;0;0;0;0;0;0;0;0;0;0;0;0;0;0;130
336;75;0;0;0;55;0;0;0;0;0;0;0;0;0;0;0;0;0;0;0;0;0;0;130
337;75;0;0;0;55;0;0;0;0;0;0;0;0;0;0;0;0;0;0;0;0;0;0;130
338;75;0;0;0;55;0;0;0;0;0;0;0;0;0;0;0;0;0;0;0;0;0;0;130
339;75;0;0;0;0;0;0;0;0;0;0;0;0;0;0;0;0;0;0;0;0;0;0;75
340;75;0;0;0;0;0;0;0;0;0;0;0;0;0;0;0;0;0;0;0;0;0;0;75
341;75;0;0;0;0;0;0;0;0;0;0;0;0;0;0;0;0;0;0;0;0;0;0;75
342;75;0;0;0;0;0;0;0;0;0;0;0;0;0;0;0;0;0;0;0;0;0;0;75
343;75;0;0;0;0;0;0;0;0;0;0;0;0;0;0;0;0;0;0;0;0;0;460;535
344;75;0;0;0;0;0;0;0;0;0;0;0;0;0;0;0;0;0;0;0;0;0;460;535
345;75;0;0;0;0;0;0;0;0;0;0;0;0;0;0;0;0;0;0;0;0;0;460;535
346;75;0;0;0;0;0;0;0;0;0;0;0;0;0;0;0;0;0;0;0;0;0;460;535
347;75;0;0;0;0;0;0;0;0;0;0;0;0;0;0;0;0;0;0;0;0;0;460;535
348;75;0;0;0;0;0;0;0;0;0;0;0;0;0;0;0;0;0;0;0;0;0;460;535
349;75;0;0;0;0;0;0;0;0;0;0;0;0;0;0;0;0;0;0;0;0;0;460;535
350;75;0;0;0;0;0;0;0;0;0;0;0;0;0;0;0;0;0;0;0;0;0;460;535
351;75;0;0;0;0;0;0;0;0;0;0;0;0;0;0;0;0;0;0;0;0;0;460;535
352;75;0;0;0;0;0;0;0;0;0;0;0;0;0;0;0;0;0;0;0;0;0;460;535
353;75;0;0;0;0;0;0;0;0;0;0;0;0;0;0;0;0;0;0;0;0;0;460;535
354;75;0;0;0;0;0;0;0;0;0;0;0;0;0;0;0;0;0;0;0;0;0;460;535
355;75;0;0;0;0;0;0;0;0;0;0;0;0;0;0;0;0;0;0;0;0;0;460;535
356;75;0;0;0;0;0;0;0;0;0;0;0;0;0;0;0;0;0;0;0;0;0;460;535
357;75;0;0;0;0;0;0;0;0;0;0;0;0;0;0;0;0;0;0;0;0;0;460;535
358;75;0;0;0;0;0;0;0;0;0;0;0;0;0;0;0;0;0;0;0;0;0;460;535
359;75;0;0;0;0;0;0;0;0;0;0;0;0;0;0;0;0;0;0;0;0;0;460;535
360;0;0;0;0;0;0;0;0;0;0;0;0;0;0;0;0;0;0;0;0;0;0;460;460
361;0;0;0;0;0;0;0;0;0;0;0;0;0;0;0;0;0;0;0;0;0;0;460;460
362;0;0;0;0;0;0;0;0;0;0;0;0;0;0;0;0;0;0;0;0;0;0;460;460
363;0;0;0;0;0;0;0;0;0;0;0;0;0;0;0;0;0;0;0;0;0;0;460;460
364;0;0;0;0;0;0;0;0;0;0;0;0;0;0;0;0;0;0;0;0;0;0;460;460
365;0;0;0;0;0;0;0;0;0;0;0;0;0;0;0;0;0;0;0;0;0;0;460;460
366;0;0;0;0;0;0;0;0;0;0;0;0;0;0;0;0;0;0;0;0;0;0;460;460
367;0;0;0;0;0;0;0;0;0;0;0;0;0;0;0;0;0;0;0;0;0;0;460;460
368;0;0;0;0;0;0;0;0;0;0;0;0;0;0;0;0;0;0;0;0;0;0;460;460
369;0;0;0;0;0;0;0;0;0;0;0;0;0;0;0;0;0;0;0;0;0;0;460;460
370;0;0;0;0;0;0;0;0;0;0;0;0;0;0;0;0;0;0;0;0;0;0;460;460
371;0;0;0;0;0;0;0;0;0;0;0;0;0;0;0;0;0;0;0;0;0;0;460;460
372;0;0;0;0;0;0;0;0;0;0;0;0;0;0;0;0;0;0;0;0;0;0;460;460
373;0;0;0;0;0;0;0;0;0;0;0;0;0;0;0;0;0;0;0;0;0;0;460;460
374;0;0;0;0;0;0;0;0;0;0;0;0;0;0;0;0;0;0;0;0;0;0;460;460
375;0;0;0;0;0;0;0;0;0;0;0;0;0;0;0;0;0;0;0;0;0;0;460;460
376;0;0;0;0;0;0;0;0;0;0;0;0;0;0;0;0;0;0;0;0;0;0;460;460
377;0;0;0;0;0;0;0;0;0;0;0;0;0;0;0;0;0;0;0;0;0;0;460;460
378;0;0;0;0;0;0;0;0;0;0;0;0;0;0;0;0;0;0;0;0;0;0;460;460
379;0;0;0;0;0;0;0;0;0;0;0;0;0;0;0;0;0;0;0;0;0;0;460;460
380;0;0;0;0;0;0;0;0;0;0;0;0;0;0;0;0;0;0;0;0;0;0;460;460
381;0;0;0;0;0;0;0;0;0;0;0;0;0;0;0;0;0;0;0;0;0;0;460;460
382;0;0;0;0;0;0;0;0;0;0;0;0;0;0;0;0;0;0;0;0;0;0;460;460
383;0;0;0;0;0;0;0;0;0;0;0;0;0;0;0;0;0;0;0;0;0;0;460;460
384;0;0;0;0;0;0;0;0;0;0;0;0;0;0;0;0;0;0;0;0;0;0;460;460
385;0;0;0;0;0;0;0;0;0;0;0;0;0;0;0;0;0;0;0;0;0;0;460;460
386;0;0;0;0;0;0;0;0;0;0;0;0;0;0;0;0;0;0;0;0;0;0;460;460
387;0;0;0;0;0;0;0;0;0;0;0;0;0;0;0;0;0;0;0;0;0;0;460;460
388;0;0;0;0;0;0;0;0;0;0;0;0;0;0;0;0;0;0;0;0;0;0;460;460
389;0;0;0;0;0;0;0;0;0;0;0;0;0;0;0;0;0;0;0;0;0;0;460;460
390;75;0;0;0;0;0;0;0;0;0;0;0;0;0;0;0;0;0;0;0;0;0;460;535
391;75;0;0;0;0;0;0;0;0;0;0;0;0;0;0;0;0;0;0;0;0;0;460;535
392;75;0;0;0;0;0;0;0;0;0;0;0;0;0;0;0;0;0;0;0;0;0;460;535
393;75;0;0;0;0;0;0;0;0;0;0;0;0;0;0;0;0;0;0;0;0;0;460;535
394;75;0;0;0;0;0;0;0;0;0;0;0;0;0;0;0;0;0;0;0;0;0;460;535
395;75;0;0;0;0;0;0;0;0;0;0;0;0;0;0;0;0;0;0;0;0;0;460;535
396;75;0;0;0;0;0;0;0;0;0;0;0;0;0;0;0;0;0;0;0;0;0;460;535
397;75;0;0;0;0;0;0;0;0;0;0;0;0;0;0;0;0;0;0;0;0;0;460;535
398;75;0;0;0;0;0;0;0;0;0;0;0;0;0;0;0;0;0;0;0;0;0;460;535
399;75;0;0;0;0;0;0;0;0;0;0;0;0;0;0;0;0;0;0;0;0;0;460;535
400;75;0;0;0;0;0;0;0;0;0;0;0;0;0;0;0;0;0;0;0;0;0;460;535
401;75;0;0;0;0;0;0;0;0;0;0;0;0;0;0;0;0;0;0;0;0;0;460;535
402;75;0;0;0;0;0;0;0;0;0;0;0;0;0;0;0;0;0;0;0;0;0;460;535
403;75;0;0;0;0;0;0;0;0;0;0;0;0;0;0;0;0;0;0;0;0;0;460;535
404;75;0;0;0;0;0;0;0;0;0;0;0;0;0;0;0;0;0;0;0;0;0;460;535
405;75;0;0;0;0;0;0;0;0;0;0;0;0;0;0;0;0;0;0;0;0;0;460;535
406;75;0;0;0;0;0;0;0;0;0;0;0;0;0;0;0;0;0;0;0;0;0;460;535
407;75;0;0;0;0;0;0;0;0;0;0;0;0;0;0;0;0;0;0;0;0;0;460;535
408;75;0;0;0;0;0;0;0;0;0;0;0;0;0;0;0;0;0;0;0;0;0;0;75
409;75;0;0;0;0;0;0;0;0;0;0;0;0;0;0;0;0;0;0;0;0;0;0;75
410;75;0;0;0;0;0;0;0;0;0;0;0;0;0;0;0;0;0;0;0;0;0;0;75
411;75;0;0;0;0;0;0;0;0;0;0;0;0;0;0;0;0;0;0;0;0;0;0;75
412;75;0;0;0;0;0;0;0;0;0;0;0;0;0;0;0;0;0;0;0;0;0;0;75
413;75;0;0;0;0;0;0;0;0;0;0;0;0;0;0;0;0;0;0;0;0;0;0;75
414;75;0;0;0;0;0;0;0;0;0;0;0;0;0;0;0;0;0;0;0;0;0;0;75
415;75;0;0;0;0;0;0;0;0;0;0;0;0;0;0;0;0;0;0;0;0;0;0;75
416;75;0;0;0;0;0;0;0;0;0;0;0;0;0;0;0;0;0;0;0;0;0;0;75
417;75;0;0;0;0;0;0;0;0;0;0;0;0;0;0;0;0;0;0;0;0;0;0;75
418;75;0;0;0;0;0;0;0;0;0;0;0;0;0;0;0;0;0;0;0;0;0;0;75
419;75;0;0;0;0;0;0;0;0;0;0;0;0;0;0;0;0;0;0;0;0;0;0;75
420;0;0;0;0;0;0;0;0;0;0;0;0;0;0;0;0;0;0;0;0;0;0;0;0
421;0;0;0;0;0;0;0;0;0;0;0;0;0;0;0;0;0;0;0;0;0;0;0;0
422;0;0;0;0;0;0;0;0;0;0;0;0;0;0;0;0;0;0;0;0;0;0;0;0
423;0;0;0;0;0;0;0;0;0;0;0;0;0;0;0;0;0;0;0;0;0;0;0;0
424;0;0;0;0;0;0;0;0;0;0;0;0;0;0;0;0;0;0;0;0;0;0;0;0
425;0;0;0;0;0;0;0;0;0;0;0;0;0;0;0;0;0;0;0;0;0;0;0;0
426;0;0;0;0;0;0;0;0;0;0;0;0;0;0;0;0;0;0;0;0;0;0;0;0
427;0;0;0;0;0;0;0;0;0;0;0;0;0;0;0;0;0;0;0;0;0;0;0;0
428;0;0;0;0;0;0;0;0;0;0;0;0;0;0;0;0;0;0;0;0;0;0;0;0
429;0;0;0;0;0;0;0;0;0;0;0;0;0;0;0;0;0;0;0;0;0;0;0;0
430;0;0;0;0;0;0;0;0;0;0;0;0;0;0;0;0;0;0;0;0;0;0;0;0
431;0;0;0;0;0;0;0;0;0;0;0;0;0;0;0;0;0;0;0;0;0;0;0;0
432;0;0;0;0;0;0;0;0;0;0;0;0;0;0;0;0;0;0;0;0;0;0;0;0
433;0;0;0;0;0;0;0;0;0;0;0;0;0;0;0;0;0;0;0;0;0;0;0;0
434;0;0;0;0;0;0;0;0;0;0;0;0;0;0;0;0;0;0;0;0;0;0;0;0
435;0;0;0;0;0;0;0;0;0;0;0;0;0;0;0;0;0;0;0;0;0;0;0;0
436;0;0;0;0;0;0;0;0;0;0;0;0;0;0;0;0;0;0;0;0;0;0;0;0
437;0;0;0;0;0;0;0;0;0;0;0;0;0;0;0;0;0;0;0;0;0;0;0;0
438;0;0;0;0;0;0;0;0;0;0;0;0;0;0;0;0;0;0;0;0;0;0;0;0
439;0;0;0;0;0;0;0;0;0;0;0;0;0;0;0;0;0;0;0;0;0;0;0;0
440;0;0;0;0;0;0;0;0;0;0;0;0;0;0;0;0;0;0;0;0;0;0;0;0
441;0;0;0;0;0;0;0;0;0;0;0;0;0;0;0;0;0;0;0;0;0;0;0;0
442;0;0;0;0;0;0;0;0;0;0;0;0;0;0;0;0;0;0;0;0;0;0;0;0
443;0;0;0;0;0;0;0;0;0;0;0;0;0;0;0;0;0;0;0;0;0;0;0;0
444;0;0;0;0;0;0;0;0;0;0;0;0;0;0;0;0;0;0;0;0;0;0;0;0
445;0;0;0;0;0;0;0;0;0;0;0;0;0;0;0;0;0;0;0;0;0;0;0;0
446;0;0;0;0;0;0;0;0;0;0;0;0;0;0;0;0;0;0;0;0;0;0;0;0
447;0;0;0;0;0;0;0;0;0;0;0;0;0;0;0;0;0;0;0;0;0;0;0;0
448;0;0;0;0;0;0;0;0;0;0;0;0;0;0;0;0;0;0;0;0;0;0;0;0
449;0;0;0;0;0;0;0;0;0;0;0;0;0;0;0;0;0;0;0;0;0;0;0;0
450;75;0;0;0;0;0;0;0;0;0;0;0;0;0;0;0;0;0;0;0;0;0;0;75
451;75;0;0;0;0;0;0;0;0;0;0;0;0;0;0;0;0;0;0;0;0;0;0;75
452;75;0;0;0;0;0;0;0;0;0;0;0;0;0;0;0;0;0;0;0;0;0;0;75
453;75;80;0;0;0;0;0;0;0;0;0;0;0;0;0;0;0;0;0;0;0;0;0;155
454;75;80;0;0;0;0;0;0;0;0;0;0;0;0;0;0;0;0;0;0;0;0;0;155
455;75;80;0;0;0;0;0;0;0;0;0;0;0;0;0;0;0;0;0;0;0;0;0;155
456;75;80;0;0;0;0;0;0;0;0;0;0;0;0;0;0;0;0;0;0;0;0;0;155
457;75;80;0;0;0;0;0;0;0;0;0;0;0;0;0;0;0;0;0;0;0;0;0;155
458;75;80;0;0;0;0;0;0;0;0;0;0;0;0;0;0;0;0;0;0;0;0;0;155
459;75;80;0;0;0;0;0;0;0;0;0;0;0;0;0;0;0;0;0;0;0;0;0;155
460;75;80;0;0;0;0;0;0;0;0;0;0;0;0;0;0;0;0;0;0;0;0;0;155
461;75;80;0;0;0;0;0;0;0;0;0;0;0;0;0;0;0;0;0;0;0;0;0;155
462;75;80;0;0;0;0;0;0;0;0;0;0;0;0;0;0;0;0;0;0;0;0;0;155
463;75;80;0;0;0;0;0;0;0;0;0;0;0;0;0;0;0;0;0;0;0;0;0;155
464;75;80;0;0;0;0;0;0;0;0;0;0;0;0;0;0;0;0;0;0;0;0;0;155
465;75;80;0;0;0;0;0;0;0;0;0;0;0;0;0;0;0;0;0;0;0;0;0;155
466;75;80;0;0;0;0;0;0;0;0;0;0;0;0;0;0;0;0;0;0;0;0;0;155
467;75;80;0;0;0;0;0;0;0;0;0;0;0;0;0;0;0;0;0;0;0;0;0;155
468;75;80;0;0;0;0;0;0;0;0;0;0;0;0;0;0;0;0;0;0;0;0;0;155
469;75;80;0;0;0;0;0;0;0;0;0;0;0;0;0;0;0;0;0;0;0;0;0;155
470;75;80;0;0;0;0;0;0;0;0;0;0;0;0;0;0;0;0;0;0;0;0;0;155
471;75;80;0;0;0;0;0;0;0;0;0;0;0;0;0;0;0;0;0;0;0;0;0;155
472;75;80;0;0;0;0;0;0;0;0;0;0;0;0;0;0;0;0;0;0;0;0;0;155
473;75;80;0;0;0;0;0;0;0;0;0;0;0;0;0;0;0;0;0;0;0;0;0;155
474;75;80;0;0;0;0;0;0;0;0;0;0;0;0;0;0;0;0;0;0;0;0;0;155
475;75;80;0;0;0;0;0;0;0;0;0;0;0;0;0;0;0;0;0;0;0;0;0;155
476;75;80;0;0;0;0;0;0;0;0;0;0;0;0;0;0;0;0;0;0;0;0;0;155
477;75;80;0;0;0;0;0;0;0;0;0;0;0;0;0;0;0;0;0;0;0;0;0;155
478;75;80;0;0;0;0;0;0;0;0;0;0;0;0;0;0;0;0;0;0;0;0;0;155
479;75;80;0;0;0;0;0;0;0;0;0;0;0;0;0;0;0;0;0;0;0;0;0;155
480;0;80;0;0;0;0;0;0;0;0;0;0;0;0;0;0;0;0;0;0;0;0;0;80
481;0;80;0;0;0;0;0;0;0;0;0;0;0;0;0;0;0;0;0;0;0;0;0;80
482;0;80;0;0;0;0;0;0;0;0;0;0;0;0;0;0;0;0;0;0;0;0;0;80
483;0;80;0;0;0;0;0;0;0;0;0;0;0;0;0;0;0;0;0;0;0;0;0;80
484;0;80;0;0;0;0;0;0;0;0;0;0;0;0;0;0;0;0;0;0;0;0;0;80
485;0;80;0;0;0;0;0;0;0;0;0;0;0;0;0;0;0;0;0;0;0;0;0;80
486;0;80;0;0;0;0;0;0;0;0;0;0;0;0;0;0;0;0;0;0;0;0;0;80
487;0;80;0;0;0;0;0;0;0;0;0;0;0;0;0;0;0;0;0;0;0;0;0;80
488;0;80;0;0;0;0;0;0;0;0;0;0;0;0;0;0;0;0;0;0;0;0;0;80
489;0;80;0;0;0;0;0;0;0;0;0;0;0;0;0;0;0;0;0;0;0;0;0;80
490;0;80;0;0;0;0;0;0;0;0;0;0;0;0;0;0;0;0;0;0;0;0;0;80
491;0;80;0;0;0;0;0;0;0;0;0;0;0;0;0;0;0;0;0;0;0;0;0;80
492;0;80;0;0;0;0;0;0;0;0;0;0;0;0;0;0;0;0;0;0;0;0;0;80
493;0;80;0;0;0;0;0;0;0;0;0;0;0;0;0;0;0;0;0;0;0;0;0;80
494;0;80;0;0;0;0;0;0;0;0;0;0;0;0;0;0;0;0;0;0;0;0;0;80
495;0;80;0;0;0;0;0;0;0;0;0;0;0;0;0;0;0;0;0;0;0;0;0;80
496;0;80;0;0;0;0;0;0;0;0;0;0;0;0;0;0;0;0;0;0;0;0;0;80
497;0;80;0;0;0;0;0;0;0;0;0;0;0;0;0;0;0;0;0;0;0;0;0;80
498;0;80;0;0;0;0;0;0;0;0;0;0;0;0;0;0;0;0;0;0;0;0;0;80
499;0;80;0;0;0;0;0;0;0;0;0;0;0;0;0;0;0;0;0;0;0;0;0;80
500;0;80;0;0;0;0;0;0;0;0;0;0;0;0;0;0;0;0;0;0;0;0;0;80
501;0;80;0;0;0;0;0;0;0;0;0;0;0;0;0;0;0;0;0;0;0;0;0;80
502;0;80;0;0;0;0;0;0;0;0;0;0;0;0;0;0;0;0;0;0;0;0;0;80
503;0;80;0;0;0;0;0;0;0;0;0;0;0;0;0;0;0;0;0;0;0;0;0;80
504;0;80;0;0;0;0;0;0;0;0;0;0;0;0;0;0;0;0;0;0;0;0;0;80
505;0;80;0;0;0;0;0;0;0;0;0;0;0;0;0;0;0;0;0;0;0;0;0;80
506;0;80;0;0;0;0;0;0;0;0;0;0;0;0;0;0;0;0;0;0;0;0;0;80
507;0;80;0;0;0;0;0;0;0;0;0;0;0;0;0;0;0;0;0;0;0;0;0;80
508;0;80;0;0;0;0;0;0;0;0;0;0;0;0;0;0;0;0;0;0;0;0;0;80
509;0;80;0;0;0;0;0;0;0;0;0;0;0;0;0;0;0;0;0;0;0;0;0;80
510;75;80;0;0;0;0;0;0;0;0;0;0;0;0;0;0;0;0;0;0;0;0;0;155
511;75;80;0;0;0;0;0;0;0;0;0;0;0;0;0;0;0;0;0;0;0;0;0;155
512;75;80;0;0;0;0;0;0;0;0;0;0;0;0;0;0;0;0;0;0;0;0;0;155
513;75;80;0;0;0;0;0;0;0;0;0;0;0;0;0;0;0;0;0;0;0;0;0;155
514;75;80;0;0;0;0;0;0;0;0;0;0;0;0;0;0;0;0;0;0;0;0;0;155
515;75;80;0;0;0;0;0;0;0;0;0;0;0;0;0;0;0;0;0;0;0;0;0;155
516;75;80;0;0;0;0;0;0;0;0;0;0;0;0;0;0;0;0;0;0;0;0;0;155
517;75;80;0;0;0;0;0;0;0;0;0;0;0;0;0;0;0;0;0;0;0;0;0;155
518;75;80;0;0;0;0;0;0;0;0;0;0;0;0;0;0;0;0;0;0;0;0;0;155
519;75;80;0;0;0;0;0;0;0;0;0;0;0;0;0;0;0;0;0;0;0;0;0;155
520;75;80;0;0;0;0;0;0;0;0;0;0;0;0;0;0;0;0;0;0;0;0;0;155
521;75;80;0;0;0;0;0;0;0;0;0;0;0;0;0;0;0;0;0;0;0;0;0;155
522;75;80;0;0;0;0;0;0;0;0;0;0;0;0;0;0;0;0;0;0;0;0;0;155
523;75;80;0;0;0;0;0;0;0;0;0;0;0;0;0;0;0;0;0;0;0;0;0;155
524;75;80;0;0;0;0;0;0;0;0;0;0;0;0;0;0;0;0;0;0;0;0;0;155
525;75;80;0;0;0;0;0;0;0;0;0;0;0;0;0;0;0;0;0;0;0;0;0;155
526;75;80;0;0;0;0;0;0;0;0;0;0;0;0;0;0;0;0;0;0;0;0;0;155
527;75;80;0;0;0;0;0;0;0;0;0;0;0;0;0;0;0;0;0;0;0;0;0;155
528;75;80;0;0;0;0;0;0;0;0;0;0;0;0;0;0;0;0;0;0;0;0;0;155
529;75;80;0;0;0;0;0;0;0;0;0;0;0;0;0;0;0;0;0;0;0;0;0;155
530;75;80;0;0;0;0;0;0;0;0;0;0;0;0;0;0;0;0;0;0;0;0;0;155
531;75;80;0;0;0;0;0;0;0;0;0;0;0;0;0;0;0;0;0;0;0;0;0;155
532;75;80;0;0;0;0;0;0;0;0;0;0;0;0;0;0;0;0;0;0;0;0;0;155
533;75;80;0;0;0;0;0;0;0;0;0;0;0;0;0;0;0;0;0;0;0;0;0;155
534;75;80;0;0;0;0;0;0;0;0;0;0;0;0;0;0;0;0;0;0;0;0;0;155
535;75;80;0;0;0;0;0;0;0;0;0;0;0;0;0;0;0;0;0;0;0;0;0;155
536;75;80;0;0;0;0;0;0;0;0;0;0;0;0;0;0;0;0;0;0;0;0;0;155
537;75;80;0;0;0;0;0;0;0;0;0;0;0;0;0;0;0;0;0;0;0;0;0;155
538;75;80;0;0;0;0;0;0;0;0;0;0;0;0;0;0;0;0;0;0;0;0;0;155
539;75;80;0;0;0;0;0;0;0;0;0;0;0;0;0;0;0;0;0;0;0;0;0;155
540;0;80;0;0;0;0;0;0;0;0;0;0;0;0;0;0;0;0;0;0;0;0;0;80
541;0;80;0;0;0;0;0;0;0;0;0;0;0;0;0;0;0;0;0;0;0;0;0;80
542;0;80;0;0;0;0;0;0;0;0;0;0;0;0;0;0;0;0;0;0;0;0;0;80
543;0;80;0;0;0;0;0;0;0;0;0;0;0;0;0;0;0;0;0;0;0;0;0;80
544;0;80;0;0;0;0;0;0;0;0;0;0;0;0;0;0;0;0;0;0;0;0;0;80
545;0;80;0;0;0;0;0;0;0;0;0;0;0;0;0;0;0;0;0;0;0;0;0;80
546;0;80;0;0;0;0;0;0;0;0;0;0;0;0;0;0;0;0;0;0;0;0;0;80
547;0;80;0;0;0;0;0;0;0;0;0;0;0;0;0;0;0;0;0;0;0;0;0;80
548;0;80;0;0;0;0;0;0;0;0;0;0;0;0;0;0;0;0;0;0;0;0;0;80
549;0;80;0;0;0;0;0;0;0;0;0;0;0;0;0;0;0;0;0;0;0;0;0;80
550;0;80;0;0;0;0;0;0;0;0;0;0;0;0;0;0;0;0;0;0;0;0;0;80
551;0;80;0;0;0;0;0;0;0;0;0;0;0;0;0;0;0;0;0;0;0;0;0;80
552;0;80;0;0;0;0;0;0;0;0;0;0;0;0;0;0;0;0;0;0;0;0;0;80
553;0;80;0;0;0;0;0;0;0;0;0;0;0;0;0;0;0;0;0;0;0;0;0;80
554;0;80;0;0;0;0;0;0;0;0;0;0;0;0;0;0;0;0;0;0;0;0;0;80
555;0;80;0;0;0;0;0;0;0;0;0;0;0;0;0;0;0;0;0;0;0;0;0;80
556;0;80;0;0;0;0;0;0;0;0;0;0;0;0;0;0;0;0;0;0;0;0;0;80
557;0;80;0;0;0;0;0;0;0;0;0;0;0;0;0;0;0;0;0;0;0;0;0;80
558;0;80;0;0;0;0;0;0;0;0;0;0;0;0;0;0;0;0;0;0;0;0;0;80
559;0;80;0;0;0;0;0;0;0;0;0;0;0;0;0;0;0;0;0;0;0;0;0;80
560;0;80;0;0;0;0;0;0;0;0;0;0;0;0;0;0;0;0;0;0;0;0;0;80
561;0;80;0;0;0;0;0;0;0;0;0;0;0;0;0;0;0;0;0;0;0;0;0;80
562;0;80;0;0;0;0;0;0;0;0;0;0;0;0;0;0;0;0;0;0;0;0;0;80
563;0;80;0;0;0;0;0;0;0;0;0;0;0;0;0;0;0;0;0;0;0;0;0;80
564;0;80;0;0;0;0;0;0;0;0;0;0;0;0;0;0;0;0;0;0;0;0;0;80
565;0;80;0;0;0;0;0;0;0;0;0;0;0;0;0;0;0;0;0;0;0;0;0;80
566;0;80;0;0;0;0;0;0;0;0;0;0;0;0;0;0;0;0;0;0;0;0;0;80
567;0;80;0;0;0;0;0;0;0;0;0;0;0;0;350;0;0;0;0;0;0;0;0;430
568;0;80;0;0;0;0;0;0;0;0;0;0;0;0;350;0;0;0;0;0;0;0;0;430
569;0;80;0;0;0;0;0;0;0;0;0;0;0;0;350;0;0;0;0;0;0;0;0;430
570;75;80;0;0;0;0;0;0;0;0;0;0;0;0;350;0;0;0;0;0;0;0;0;505
571;75;80;0;0;0;0;0;0;0;0;0;0;0;0;350;0;0;0;0;0;0;0;0;505
572;75;80;0;0;0;0;0;0;0;0;0;0;0;0;350;0;0;0;0;0;0;0;0;505
573;75;80;0;0;0;0;0;0;0;0;0;0;0;0;350;0;0;0;0;0;0;0;0;505
574;75;80;0;0;0;0;0;0;0;0;0;0;0;0;0;0;0;0;0;0;0;0;0;155
575;75;80;0;0;0;0;0;0;0;0;0;0;0;0;0;0;0;0;0;0;0;0;0;155
576;75;80;0;0;0;0;0;0;0;0;0;0;0;0;0;0;0;0;0;0;0;0;0;155
577;75;80;0;0;0;0;0;0;0;0;0;0;0;0;0;0;0;0;0;0;0;0;0;155
578;75;80;0;0;0;0;0;0;0;0;0;0;0;0;0;0;0;0;0;0;0;0;0;155
579;75;80;0;0;0;0;0;0;0;0;0;0;0;0;0;0;0;0;0;0;0;0;0;155
580;75;80;0;0;0;0;0;0;0;0;0;0;0;0;0;0;0;0;0;0;0;0;0;155
581;75;80;0;0;0;0;0;0;0;0;0;0;0;0;0;0;0;0;0;0;0;0;0;155
582;75;80;0;0;0;0;0;0;0;0;0;0;0;0;0;0;0;0;0;0;0;0;0;155
583;75;80;0;0;0;0;0;0;0;0;0;0;0;0;0;0;0;0;0;0;0;0;0;155
584;75;80;0;0;0;0;0;0;0;0;0;0;0;0;0;0;0;0;0;0;0;0;0;155
585;75;80;0;0;0;0;0;0;0;0;0;0;0;0;0;0;0;0;0;0;0;0;0;155
586;75;80;0;0;0;0;0;0;0;0;0;0;0;0;0;0;0;0;0;0;0;0;0;155
587;75;80;0;0;0;0;0;0;0;0;0;0;0;0;0;0;0;0;0;0;0;0;0;155
588;75;80;0;0;0;0;0;0;0;0;0;0;0;0;0;0;0;0;0;0;0;0;0;155
589;75;80;0;0;0;0;0;0;0;0;0;0;0;0;0;0;0;0;0;0;0;0;0;155
590;75;80;0;0;0;0;0;0;0;0;0;0;0;0;0;0;0;0;0;0;0;0;0;155
591;75;80;0;0;0;0;0;0;0;0;0;0;0;0;0;0;0;0;0;0;0;0;0;155
592;75;80;0;0;0;0;0;0;0;0;0;0;0;0;0;0;0;0;0;0;0;0;0;155
593;75;80;0;0;0;0;0;0;0;0;0;0;0;0;0;0;0;0;0;0;0;0;0;155
594;75;80;0;0;0;0;0;0;0;0;0;0;0;0;0;0;0;0;0;0;0;0;0;155
595;75;80;0;0;0;0;0;0;0;0;0;0;0;0;0;0;0;0;0;0;0;0;0;155
596;75;80;0;0;0;0;0;0;0;0;0;0;0;0;0;0;0;0;0;0;0;0;0;155
597;75;80;0;0;0;0;0;0;0;0;0;0;0;0;0;0;0;0;0;0;0;0;0;155
598;75;80;0;0;0;0;0;0;0;0;0;0;0;0;0;0;0;0;0;0;0;0;0;155
599;75;80;0;0;0;0;0;0;0;0;0;0;0;0;0;0;0;0;0;0;0;0;0;155
600;0;80;0;0;0;0;0;0;0;0;0;0;0;0;0;0;0;0;0;0;0;0;0;80
601;0;80;0;0;0;0;0;0;0;0;0;0;0;0;0;0;0;0;0;0;0;0;0;80
602;0;80;0;0;0;0;0;0;0;0;0;0;0;0;0;0;0;0;0;0;0;0;0;80
603;0;80;0;0;0;0;0;0;0;0;0;0;0;0;0;0;0;0;0;0;0;0;0;80
604;0;80;0;0;0;0;0;0;0;0;0;0;0;0;0;0;0;0;0;0;0;0;0;80
605;0;80;0;0;0;0;0;0;0;0;0;0;0;0;0;0;0;0;0;0;0;0;0;80
606;0;80;0;0;0;0;0;0;0;0;0;0;0;0;0;0;0;0;0;0;0;0;0;80
607;0;80;0;0;0;0;0;0;0;0;0;0;0;0;0;0;0;0;0;0;0;0;0;80
608;0;80;0;0;0;0;0;0;0;0;0;0;0;0;0;0;0;0;0;0;0;0;0;80
609;0;80;0;0;0;0;0;0;0;0;0;0;0;0;0;0;0;0;0;0;0;0;0;80
610;0;80;0;0;0;0;0;0;0;0;0;0;0;0;0;0;0;0;0;0;0;0;0;80
611;0;80;0;0;0;0;0;0;0;0;0;0;0;0;0;0;0;0;0;0;0;0;0;80
612;0;80;0;0;0;0;0;0;0;0;0;0;0;0;0;0;0;0;0;0;0;0;0;80
613;0;80;0;0;0;0;0;0;0;0;0;0;0;0;0;0;0;0;0;0;0;0;0;80
614;0;80;0;0;0;0;0;0;0;0;0;0;0;0;0;0;0;0;0;0;0;0;0;80
615;0;80;0;0;0;0;0;0;0;0;0;0;0;0;0;0;0;0;0;0;0;0;0;80
616;0;80;0;0;0;0;0;0;0;0;0;0;0;0;0;0;0;0;0;0;0;0;0;80
617;0;80;0;0;0;0;0;0;0;0;0;0;0;0;0;0;0;0;0;0;0;0;0;80
618;0;80;0;0;0;0;0;0;0;0;0;0;0;0;0;0;0;0;0;0;0;0;0;80
619;0;80;0;0;0;0;0;0;0;0;0;0;0;0;0;0;0;0;0;0;0;0;0;80
620;0;80;0;0;0;0;0;0;0;0;0;0;0;0;0;0;0;0;0;0;0;0;0;80
621;0;80;0;0;0;0;0;0;0;0;0;0;0;0;0;0;0;0;0;0;0;0;0;80
622;0;80;0;0;0;0;0;0;0;0;0;0;0;0;0;0;0;0;0;0;0;0;0;80
623;0;80;0;0;0;0;0;0;0;0;0;0;0;0;0;0;0;0;0;0;0;0;0;80
624;0;80;0;0;0;0;0;0;0;0;0;0;0;0;0;0;0;0;0;0;0;0;0;80
625;0;80;0;0;0;0;0;0;0;0;0;0;0;0;0;0;0;0;0;0;0;0;0;80
626;0;80;0;0;0;0;0;0;0;0;0;0;0;0;0;0;0;0;0;0;0;0;0;80
627;0;80;0;0;0;0;0;0;0;0;0;0;0;0;0;0;0;0;0;0;0;0;0;80
628;0;80;0;0;0;0;0;0;0;0;0;0;0;0;0;0;0;0;0;0;0;0;0;80
629;0;80;0;0;0;0;0;0;0;0;0;0;0;0;0;0;0;0;0;0;0;0;0;80
630;75;80;0;0;0;0;0;0;0;0;0;0;0;0;0;0;0;0;0;0;0;0;0;155
631;75;80;0;0;0;0;0;0;0;0;0;0;0;0;0;0;0;0;0;0;0;0;0;155
632;75;80;0;0;0;0;0;0;0;0;0;0;0;0;0;0;0;0;0;0;0;0;0;155
633;75;80;0;0;0;0;0;0;0;0;0;0;0;0;0;0;0;0;0;0;0;0;0;155
634;75;80;0;0;0;0;0;0;0;0;0;0;0;0;0;0;0;0;0;0;0;0;0;155
635;75;80;0;0;0;0;0;0;0;0;0;0;0;0;0;0;0;0;0;0;0;0;0;155
636;75;80;0;0;0;0;0;0;0;0;0;0;0;0;0;0;0;0;0;0;0;0;0;155
637;75;80;0;0;0;0;0;0;0;0;0;0;0;0;0;0;0;0;0;0;0;0;0;155
638;75;80;0;0;0;0;0;0;0;0;0;0;0;0;0;0;0;0;0;0;0;0;0;155
639;75;80;0;0;0;0;0;0;0;0;0;0;0;0;0;0;0;0;0;0;0;0;0;155
640;75;80;0;0;0;0;0;0;0;0;0;0;0;0;0;0;0;0;0;0;0;0;0;155
641;75;80;0;0;0;0;0;0;0;0;0;0;0;0;0;0;0;0;0;0;0;0;0;155
642;75;80;0;0;0;0;0;0;0;0;0;0;0;0;0;0;0;0;0;0;0;0;0;155
643;75;80;0;0;0;0;0;0;0;0;0;0;0;0;0;0;0;0;0;0;0;0;0;155
644;75;80;0;0;0;0;0;0;0;0;0;0;0;0;0;0;0;0;0;0;0;0;0;155
645;75;80;0;0;0;0;0;0;0;0;0;0;0;0;0;0;0;0;0;0;0;0;0;155
646;75;80;0;0;0;0;0;0;0;0;0;0;0;0;0;0;0;0;0;0;0;0;0;155
647;75;80;0;0;0;0;0;0;0;0;0;0;0;0;0;0;0;0;0;0;0;0;0;155
648;75;80;0;0;0;0;0;0;0;0;0;0;0;0;0;0;0;0;0;0;0;0;0;155
649;75;80;0;0;0;0;0;0;0;0;0;0;0;0;0;0;0;0;0;0;0;0;0;155
650;75;80;0;0;0;0;0;0;0;0;0;0;0;0;0;0;0;0;0;0;0;0;0;155
651;75;80;0;0;0;0;0;0;0;0;0;0;0;0;0;0;0;0;0;0;0;0;0;155
652;75;80;0;0;0;0;0;0;0;0;0;0;0;0;0;0;0;0;0;0;0;0;0;155
653;75;80;0;0;0;0;0;0;0;0;0;0;0;0;0;0;0;0;0;0;0;0;0;155
654;75;80;0;0;0;0;0;0;0;0;0;0;0;0;0;0;0;0;0;0;0;0;0;155
655;75;80;0;0;0;0;0;0;0;0;0;0;0;0;0;0;0;0;0;0;0;0;0;155
656;75;80;0;0;0;0;0;0;0;0;0;0;0;0;0;0;0;0;0;0;0;0;0;155
657;75;80;0;0;0;0;0;0;0;0;0;0;0;0;0;0;0;0;0;0;0;0;0;155
658;75;80;0;0;0;0;0;0;0;0;0;0;0;0;0;0;0;0;0;0;0;0;0;155
659;75;80;0;0;0;0;0;0;0;0;0;0;0;0;0;0;0;0;0;0;0;0;0;155
660;0;80;0;0;0;0;0;0;0;0;0;0;0;0;0;0;0;0;0;0;0;0;0;80
661;0;80;0;0;0;0;0;0;0;0;0;0;0;0;0;0;0;0;0;0;0;0;0;80
662;0;80;0;0;0;0;0;0;0;0;0;0;0;0;0;0;0;0;0;0;0;0;0;80
663;0;80;0;0;0;0;0;0;0;0;0;0;0;0;0;0;0;0;0;0;0;0;0;80
664;0;80;0;0;0;0;0;0;0;0;0;0;0;0;0;0;0;0;0;0;0;0;0;80
665;0;80;0;0;0;0;0;0;0;0;0;0;0;0;0;0;0;0;0;0;0;0;0;80
666;0;80;0;0;0;0;0;0;0;0;0;0;0;0;0;0;0;0;0;0;0;0;0;80
667;0;80;0;0;0;0;0;0;0;0;0;0;0;0;0;0;0;0;0;0;0;0;0;80
668;0;80;0;0;0;0;0;0;0;0;0;0;0;0;0;0;0;0;0;0;0;0;0;80
669;0;80;0;0;0;0;0;0;0;0;0;0;0;0;0;0;0;0;0;0;0;0;0;80
670;0;80;0;0;0;0;0;0;0;0;0;0;0;0;0;0;0;0;0;0;0;0;0;80
671;0;80;0;0;0;0;0;0;0;0;0;0;0;0;0;0;0;0;0;0;0;0;0;80
672;0;80;0;0;0;0;0;0;0;0;0;0;0;0;0;0;0;0;0;0;0;0;0;80
673;0;80;0;0;0;0;0;0;0;0;0;0;0;0;0;0;0;0;0;0;0;0;0;80
674;0;80;0;0;0;0;0;0;0;0;0;0;0;0;0;0;0;0;0;0;0;0;0;80
675;0;80;0;0;0;0;0;0;0;0;0;0;0;0;0;0;0;0;0;0;0;0;0;80
676;0;80;0;0;0;0;0;0;0;0;0;0;0;0;0;0;0;0;0;0;0;0;0;80
677;0;80;0;0;0;0;0;0;0;0;0;0;0;0;0;0;0;0;0;0;0;0;0;80
678;0;80;0;0;0;0;0;0;0;0;0;0;0;0;0;0;0;0;0;0;0;0;0;80
679;0;80;0;0;0;0;0;0;0;0;0;0;0;0;0;0;0;0;0;0;0;0;0;80
680;0;80;0;0;0;0;0;0;0;0;0;0;0;0;0;0;0;0;0;0;0;0;0;80
681;0;80;0;0;0;0;0;0;0;0;0;0;0;0;0;0;0;0;0;0;0;0;0;80
682;0;80;0;0;0;0;0;0;0;0;0;0;0;0;0;0;0;0;0;0;0;0;0;80
683;0;80;0;0;0;0;0;0;0;0;0;0;0;0;0;0;0;0;0;0;0;0;0;80
684;0;80;0;0;0;0;0;0;0;0;0;0;0;0;0;0;0;0;0;0;0;0;0;80
685;0;80;0;0;0;0;0;0;0;0;0;0;0;0;0;0;0;0;0;0;0;0;0;80
686;0;80;0;0;0;0;0;0;0;0;0;0;0;0;0;0;0;0;0;0;0;0;0;80
687;0;80;0;0;0;0;0;0;0;0;0;0;0;0;0;0;0;0;0;0;0;0;0;80
688;0;80;0;0;0;0;0;0;0;0;0;0;0;0;0;0;0;0;0;0;0;0;0;80
689;0;80;0;0;0;0;0;0;0;0;0;0;0;0;0;0;0;0;0;0;0;0;0;80
690;75;80;0;0;0;0;0;0;0;0;0;0;0;0;0;0;0;0;0;0;0;0;0;155
691;75;80;0;0;0;0;0;0;0;0;0;0;0;0;0;0;0;0;0;0;0;0;0;155
692;75;80;0;0;0;0;0;0;0;0;0;0;0;0;0;0;0;0;0;0;0;0;0;155
693;75;80;0;0;0;0;0;0;0;0;0;0;0;0;0;0;0;0;0;0;0;0;0;155
694;75;80;0;0;0;0;0;0;0;0;0;0;0;0;0;0;0;0;0;0;0;0;0;155
695;75;80;0;0;0;0;0;0;0;0;0;0;0;0;0;0;0;0;0;0;0;0;0;155
696;75;80;0;0;0;0;0;0;0;0;0;0;0;0;0;0;0;0;0;0;2000;0;0;2155
697;75;80;0;0;0;0;0;0;0;0;0;0;0;0;0;0;0;0;0;0;2000;0;0;2155
698;75;80;0;0;0;0;0;0;0;0;0;0;0;0;0;0;0;0;0;0;2000;0;0;2155
699;75;80;0;0;0;0;0;0;0;0;0;0;0;0;0;0;0;0;0;0;2000;0;0;2155
700;75;80;0;0;0;0;0;0;0;0;0;0;0;0;0;0;0;0;0;0;2000;0;0;2155
701;75;80;0;0;0;0;0;0;0;0;0;0;0;0;0;0;0;0;0;0;2000;0;0;2155
702;75;80;0;0;0;0;0;0;0;0;0;0;0;0;0;0;0;0;0;0;2000;0;0;2155
703;75;0;0;0;0;0;0;0;0;0;0;0;0;0;0;0;0;0;0;0;2000;0;0;2075
704;75;0;0;0;0;0;0;0;1900;0;0;0;0;0;0;0;0;0;0;0;2000;0;0;3975
705;75;0;0;0;0;0;0;0;1900;0;0;0;0;0;0;0;0;0;0;0;2000;0;0;3975
706;75;0;0;0;0;0;0;0;1900;0;0;0;0;0;0;0;0;0;0;0;2000;0;0;3975
707;75;0;0;0;0;0;0;0;1900;0;0;0;0;0;0;0;0;0;0;0;2000;0;0;3975
708;75;0;0;0;0;0;0;0;1900;0;0;0;0;0;0;0;0;0;0;0;2000;0;0;3975
709;75;0;0;0;0;0;0;0;1900;0;0;0;0;0;0;0;0;0;0;0;2000;0;0;3975
710;75;0;0;0;0;0;0;0;1900;0;0;0;0;0;0;0;0;0;0;0;2000;0;0;3975
711;75;0;0;0;0;0;0;0;1900;0;0;0;0;0;0;0;0;0;0;0;2000;0;0;3975
712;75;0;0;0;0;0;0;0;1900;0;0;0;0;0;0;0;0;0;0;0;2000;0;0;3975
713;75;0;0;0;0;0;0;0;1900;0;0;0;0;0;0;0;0;0;0;0;2000;0;0;3975
714;75;0;0;0;0;0;0;0;0;0;0;0;0;0;0;0;0;0;0;0;2000;0;0;2075
715;75;0;0;0;0;0;0;0;0;0;0;0;0;0;0;0;0;0;0;0;2000;0;0;2075
716;75;0;0;0;0;0;0;0;0;0;0;0;0;0;0;0;0;0;0;0;2000;0;0;2075
717;75;0;0;0;0;0;0;0;0;0;0;0;0;0;0;0;0;0;0;0;2000;0;0;2075
718;75;0;0;0;0;0;0;0;0;0;0;0;0;0;0;0;0;0;0;0;2000;0;0;2075
719;75;0;0;0;0;0;0;0;0;0;0;0;0;0;0;0;0;0;0;0;2000;0;0;2075
720;0;0;0;0;0;0;0;0;0;0;0;0;0;0;0;0;0;0;0;0;2000;0;0;2000
721;0;0;0;0;0;0;0;0;0;0;0;0;0;0;0;0;0;0;0;0;2000;0;0;2000
722;0;0;0;0;0;0;0;0;0;0;0;0;0;0;0;0;0;0;0;0;2000;0;0;2000
723;0;0;0;0;0;0;0;0;0;0;0;0;0;0;0;0;0;0;0;0;2000;0;0;2000
724;0;0;0;0;0;0;0;0;0;0;0;0;0;0;0;0;0;0;0;0;2000;0;0;2000
725;0;0;0;0;0;0;0;0;0;0;0;0;0;0;0;0;0;0;0;0;2000;0;0;2000
726;0;0;0;0;0;0;0;0;0;0;0;0;0;0;0;0;0;0;0;0;2000;0;0;2000
727;0;0;0;0;0;0;0;0;0;0;0;0;0;0;0;0;0;0;0;0;2000;0;0;2000
728;0;0;0;0;0;0;0;0;0;0;0;0;0;0;0;0;0;0;0;0;2000;0;0;2000
729;0;0;0;0;0;0;0;0;0;0;0;0;0;0;0;0;0;0;0;0;2000;0;0;2000
730;0;0;0;0;0;0;0;0;0;0;0;0;0;0;0;0;0;0;0;0;2000;0;0;2000
731;0;0;0;0;0;0;0;0;0;0;0;0;0;0;0;0;0;0;0;0;2000;0;0;2000
732;0;0;0;0;0;0;0;0;0;0;0;0;0;0;0;0;0;0;0;0;2000;0;0;2000
733;0;0;0;0;0;0;0;0;0;0;0;0;0;0;0;0;0;0;0;0;2000;0;0;2000
734;0;0;0;0;0;0;0;0;0;0;0;0;0;0;0;0;0;0;0;0;2000;0;0;2000
735;0;0;0;0;0;0;0;0;0;0;0;0;0;0;0;0;0;0;0;0;2000;0;0;2000
736;0;0;0;0;0;0;0;0;0;0;0;0;0;0;0;0;0;0;0;0;2000;0;0;2000
737;0;0;0;0;0;0;0;0;0;0;0;0;0;0;0;0;0;0;0;0;2000;0;0;2000
738;0;0;0;0;0;0;0;0;0;0;0;0;0;0;0;0;0;0;0;0;2000;0;0;2000
739;0;0;0;0;0;0;0;0;0;0;0;0;0;0;0;0;0;0;0;0;2000;0;0;2000
740;0;0;0;0;0;0;0;0;0;0;0;0;0;0;0;0;0;0;0;0;2000;0;0;2000
741;0;0;0;0;0;0;0;0;0;0;0;0;0;0;0;0;0;0;0;0;2000;0;0;2000
742;0;0;0;0;0;0;0;0;0;0;0;0;0;0;0;0;0;0;0;0;2000;0;0;2000
743;0;0;0;0;0;0;0;0;0;0;0;0;0;0;0;0;0;0;0;0;2000;0;0;2000
744;0;0;0;0;0;0;0;0;0;0;0;0;0;0;0;0;0;0;0;0;2000;0;0;2000
745;0;0;0;0;0;0;0;0;0;0;0;0;0;0;0;0;0;0;0;0;2000;0;0;2000
746;0;0;0;0;0;0;0;0;0;0;0;0;0;0;0;0;0;0;0;0;2000;0;0;2000
747;0;0;0;0;0;0;0;0;0;0;0;0;0;0;0;0;0;0;0;0;2000;0;0;2000
748;0;0;0;0;0;0;0;0;0;0;0;0;0;0;0;0;0;0;0;0;2000;0;0;2000
749;0;0;0;0;0;0;0;0;0;0;0;0;0;0;0;0;0;0;0;0;2000;0;0;2000
750;75;0;0;0;0;0;0;0;0;0;0;0;0;0;0;0;0;0;0;0;2000;0;0;2075
751;75;0;0;0;0;0;0;0;0;0;0;0;0;0;0;0;0;0;0;0;2000;0;0;2075
752;75;0;0;0;0;0;0;0;0;0;0;0;0;0;0;0;0;0;0;0;2000;0;0;2075
753;75;0;0;0;0;0;0;0;0;0;0;0;0;0;0;0;0;0;0;0;2000;0;0;2075
754;75;0;0;0;0;0;0;0;0;0;0;0;0;0;0;0;0;0;0;0;2000;0;0;2075
755;75;0;0;0;0;0;0;0;0;0;0;0;0;0;0;0;0;0;0;0;2000;0;0;2075
756;75;0;0;0;0;0;0;0;0;0;0;0;0;0;0;0;0;0;0;0;0;0;0;75
757;75;0;0;0;0;0;0;0;0;0;0;0;0;0;0;0;0;0;0;0;0;0;0;75
758;75;0;0;0;0;0;0;0;0;0;0;0;0;0;0;0;0;0;0;0;0;0;0;75
759;75;0;0;0;0;0;0;0;0;0;0;0;0;0;0;0;0;0;0;0;0;0;0;75
760;75;0;0;0;0;0;0;0;0;0;0;0;0;0;0;0;0;0;0;0;0;0;0;75
761;75;0;0;0;0;0;0;0;0;0;0;0;0;0;0;0;0;0;0;0;0;0;0;75
762;75;0;0;0;0;0;0;0;0;0;0;0;0;0;0;0;0;0;0;0;0;0;0;75
763;75;0;0;0;0;0;0;0;0;0;0;0;0;0;0;0;0;0;0;0;0;0;0;75
764;75;0;0;0;0;0;0;0;0;0;0;0;0;0;0;0;0;0;0;0;0;0;0;75
765;75;0;0;0;0;0;0;0;0;0;0;0;0;0;0;0;0;0;0;0;0;0;0;75
766;75;0;0;0;0;0;0;0;0;0;0;0;0;0;0;0;0;0;0;0;0;0;0;75
767;75;0;0;0;0;0;0;0;0;0;0;0;0;0;0;0;0;0;0;0;0;0;0;75
768;75;0;0;0;0;0;0;0;0;0;0;0;0;0;0;0;0;0;0;0;0;0;0;75
769;75;0;0;0;0;0;0;0;0;0;0;0;0;0;0;0;0;0;0;0;0;0;0;75
770;75;0;0;0;0;0;0;0;0;0;0;0;0;0;0;0;0;0;0;0;0;0;0;75
771;75;0;0;0;0;0;0;0;0;0;0;0;0;0;0;0;0;0;0;0;0;0;0;75
772;75;0;0;0;0;0;0;0;0;0;0;0;0;0;0;0;0;0;0;0;0;0;0;75
773;75;0;0;0;0;0;0;0;0;0;0;0;0;0;0;0;0;0;0;0;0;0;0;75
774;75;0;0;0;0;0;0;0;0;0;0;0;0;0;0;0;0;0;0;0;0;0;0;75
775;75;0;0;0;0;0;0;0;0;0;0;0;0;0;0;0;0;0;0;0;0;0;0;75
776;75;0;0;0;0;0;0;0;0;0;0;0;0;0;0;0;0;0;0;0;0;0;0;75
777;75;0;0;0;0;0;0;0;0;0;0;0;0;0;0;0;0;0;0;0;0;0;0;75
778;75;0;0;0;0;0;0;0;0;0;0;0;0;0;0;0;0;0;0;0;0;0;0;75
779;75;0;0;0;0;0;0;0;0;0;0;0;0;0;0;0;0;0;0;0;0;0;0;75
780;0;0;0;0;0;0;0;0;0;0;0;0;0;0;0;0;0;0;0;0;0;0;0;0
781;0;0;0;0;0;0;0;0;0;0;0;0;0;0;0;0;0;0;0;0;0;0;0;0
782;0;0;0;0;0;0;0;0;0;0;0;0;0;0;0;0;0;0;0;0;0;0;0;0
783;0;0;0;0;0;0;0;0;0;0;0;0;0;0;0;0;0;0;0;0;0;0;0;0
784;0;0;0;0;0;0;0;0;0;0;0;0;0;0;0;0;0;0;0;0;0;0;0;0
785;0;0;0;0;0;0;0;0;0;0;0;0;0;0;0;0;0;0;0;0;0;0;0;0
786;0;0;0;0;0;0;0;0;0;0;0;0;0;0;0;0;0;0;0;0;0;0;0;0
787;0;0;0;0;0;0;0;0;0;0;0;0;0;0;0;0;0;0;0;0;0;0;0;0
788;0;0;0;0;0;0;0;0;0;0;0;0;0;0;0;0;0;0;0;0;0;0;0;0
789;0;0;0;0;0;0;0;0;0;0;0;0;0;0;0;0;0;0;0;0;0;0;0;0
790;0;0;0;0;0;0;0;0;0;0;0;0;0;0;0;0;0;0;0;0;0;0;0;0
791;0;0;0;0;0;0;0;0;0;0;0;0;0;0;0;0;0;0;0;0;0;0;0;0
792;0;0;0;0;0;0;0;0;0;0;0;0;0;0;0;0;0;0;0;0;0;0;0;0
793;0;0;0;0;0;0;0;0;0;0;0;0;0;0;0;0;0;0;0;0;0;0;0;0
794;0;0;0;0;0;0;0;0;0;0;0;0;0;0;0;0;0;0;0;0;0;0;0;0
795;0;0;0;0;0;0;0;0;0;0;0;0;0;0;0;0;0;0;0;0;0;0;0;0
796;0;0;0;0;0;0;0;0;0;0;0;0;0;0;0;0;0;0;0;0;0;0;0;0
797;0;0;0;0;0;0;0;0;0;0;0;0;0;0;0;0;0;0;0;0;0;0;0;0
798;0;0;0;0;0;0;0;0;0;0;0;0;0;0;0;0;0;0;0;0;0;0;0;0
799;0;0;0;0;0;0;0;0;0;0;0;0;0;0;0;0;0;0;0;0;0;0;0;0
800;0;0;0;0;0;0;0;0;0;0;0;0;0;0;0;0;0;0;0;0;0;0;0;0
801;0;0;0;0;0;0;0;0;0;0;0;0;0;0;0;0;0;0;0;0;0;0;0;0
802;0;0;0;0;0;0;0;0;0;0;0;0;0;0;0;0;0;0;0;0;0;0;0;0
803;0;0;0;0;0;0;0;0;0;0;0;0;0;0;0;0;0;0;0;0;0;0;0;0
804;0;0;0;0;0;0;0;0;0;0;0;0;0;0;0;0;0;0;0;0;0;0;0;0
805;0;0;0;0;0;0;0;0;0;0;0;0;0;0;0;0;0;0;0;0;0;0;0;0
806;0;0;0;0;0;0;0;0;0;0;0;0;0;0;0;0;0;0;0;0;0;0;0;0
807;0;0;0;0;0;0;0;0;0;0;0;0;0;0;0;0;0;0;0;0;0;0;0;0
808;0;0;0;0;0;0;0;0;0;0;0;0;0;0;0;0;0;0;0;0;0;0;0;0
809;0;0;0;0;0;0;0;0;0;0;0;0;0;0;0;0;0;0;0;0;0;0;0;0
810;75;0;0;0;0;0;0;0;0;0;0;0;0;0;0;0;0;0;0;0;0;0;0;75
811;75;0;0;0;0;0;0;0;0;0;0;0;0;0;0;0;0;0;0;0;0;0;0;75
812;75;0;0;0;0;0;0;0;0;0;0;0;0;0;0;0;0;0;0;0;0;0;0;75
813;75;0;0;0;0;0;0;0;0;0;0;0;0;0;0;0;0;0;0;0;0;0;0;75
814;75;0;0;0;0;0;0;0;0;0;0;0;0;0;0;0;0;0;0;0;0;0;0;75
815;75;0;0;0;0;0;0;0;0;0;0;0;0;0;0;0;0;0;0;0;0;0;0;75
816;75;0;0;0;0;0;0;0;0;0;0;0;0;0;0;0;0;0;0;0;0;0;0;75
817;75;0;0;0;0;0;0;0;0;0;0;0;0;0;0;0;0;0;0;0;0;0;0;75
818;75;0;0;0;0;0;0;0;0;0;0;0;0;0;0;0;0;0;0;0;0;0;0;75
819;75;0;0;0;0;0;0;0;0;0;0;0;0;0;0;0;0;0;0;0;0;0;0;75
820;75;0;0;0;0;0;0;0;0;0;0;0;0;0;0;0;0;0;0;0;0;0;0;75
821;75;0;0;0;0;0;0;0;0;0;0;0;0;0;0;0;0;0;0;0;0;0;0;75
822;75;0;0;0;0;0;0;0;0;0;0;0;0;0;0;0;0;0;0;0;0;0;0;75
823;75;0;0;0;0;0;0;0;0;0;0;0;0;0;0;0;0;0;0;0;0;0;0;75
824;75;0;0;0;0;0;0;0;0;0;0;0;0;0;0;0;0;0;0;0;0;0;0;75
825;75;0;0;0;0;0;0;0;0;0;0;0;0;0;0;0;0;0;0;0;0;0;0;75
826;75;0;0;0;0;0;0;0;0;0;0;0;0;0;0;0;0;0;0;0;0;0;0;75
827;75;0;0;0;0;0;0;0;0;0;0;0;0;0;0;0;0;0;0;0;0;0;0;75
828;75;0;0;0;0;0;0;0;0;0;0;0;0;0;0;0;0;0;0;0;0;0;0;75
829;75;0;0;0;0;0;0;0;0;0;0;0;0;0;0;0;0;0;0;0;0;0;0;75
830;75;0;0;0;0;0;0;0;0;0;0;0;0;0;0;0;0;0;0;0;0;0;0;75
831;75;0;0;0;0;0;0;0;0;0;0;0;0;0;0;0;0;0;0;0;0;0;0;75
832;75;0;0;0;0;0;0;0;0;0;0;0;0;0;0;0;0;0;0;0;0;0;0;75
833;75;0;0;0;0;0;0;0;0;0;0;0;0;0;0;0;0;0;0;0;0;0;0;75
834;75;0;0;0;0;0;0;0;0;0;0;0;0;0;0;0;0;0;0;0;0;0;0;75
835;75;0;0;0;0;0;0;0;0;0;0;0;0;0;0;0;0;0;0;0;0;0;0;75
836;75;0;0;0;0;0;0;0;0;0;0;0;0;0;0;0;0;0;0;0;0;0;0;75
837;75;0;0;0;0;0;0;0;0;0;0;0;0;0;0;0;0;0;0;0;0;0;0;75
838;75;0;0;0;0;0;0;0;0;0;0;0;0;0;0;0;0;0;0;0;0;0;0;75
839;75;0;0;0;0;0;0;0;0;0;0;0;0;0;0;0;0;0;0;0;0;0;0;75
840;0;0;0;0;0;0;0;0;0;0;0;0;0;0;0;0;0;0;0;0;0;0;0;0
841;0;0;0;0;0;0;0;0;0;0;0;0;0;0;0;0;0;0;0;0;0;0;0;0
842;0;0;0;0;0;0;0;0;0;0;0;0;0;0;0;0;0;0;0;0;0;0;0;0
843;0;0;0;0;0;0;0;0;0;0;0;0;0;0;0;0;0;0;0;0;0;0;0;0
844;0;0;0;0;0;0;0;0;0;0;0;0;0;0;0;0;0;0;0;0;0;0;0;0
845;0;0;0;0;0;0;0;0;0;0;0;0;0;0;0;0;0;0;0;0;0;0;0;0
846;0;0;0;0;0;0;0;0;0;0;0;0;0;0;0;0;0;0;0;0;0;0;0;0
847;0;0;0;0;0;0;0;0;0;0;0;0;0;0;0;0;0;0;0;0;0;0;0;0
848;0;0;0;0;0;0;0;0;0;0;0;0;0;0;0;0;0;0;0;0;0;0;0;0
849;0;0;0;0;0;0;0;0;0;0;0;0;0;0;0;0;0;0;0;0;0;0;0;0
850;0;0;0;0;0;0;0;0;0;0;0;0;0;0;0;0;0;0;0;0;0;0;0;0
851;0;0;0;0;0;0;0;0;0;0;0;0;0;0;0;0;0;0;0;0;0;0;0;0
852;0;0;0;0;0;0;0;0;0;0;0;0;0;0;0;0;0;0;0;0;0;0;0;0
853;0;0;0;0;0;0;0;0;0;0;0;0;0;0;0;0;0;0;0;0;0;0;0;0
854;0;0;0;0;0;0;0;0;0;0;0;0;0;0;0;0;0;0;0;0;0;0;0;0
855;0;0;0;0;0;0;0;0;0;0;0;0;0;0;0;0;0;0;0;0;0;0;0;0
856;0;0;0;0;0;0;0;0;0;0;0;0;0;0;0;0;0;0;0;0;0;0;0;0
857;0;0;0;0;0;0;0;0;0;0;0;0;0;0;0;0;0;0;0;0;0;0;0;0
858;0;0;0;0;0;0;0;0;0;0;0;0;0;0;0;0;0;0;0;0;0;0;0;0
859;0;0;0;0;0;0;0;0;0;0;0;0;0;0;0;0;0;0;0;0;0;0;0;0
860;0;0;0;0;0;0;0;0;0;0;0;0;0;0;0;0;0;0;0;0;0;0;0;0
861;0;0;0;0;0;0;0;0;0;0;0;0;0;0;0;0;0;0;0;0;0;0;0;0
862;0;0;0;0;0;0;0;0;0;0;0;0;0;0;0;0;0;0;0;0;0;0;0;0
863;0;0;0;0;0;32;0;0;0;0;0;0;0;0;0;0;0;0;0;0;0;0;0;32
864;0;0;0;0;0;32;0;0;0;0;0;0;0;0;0;0;0;0;0;0;0;0;0;32
865;0;0;0;0;0;32;0;0;0;0;0;0;0;0;0;0;0;0;0;0;0;0;0;32
866;0;0;0;0;0;32;0;0;0;0;0;0;0;0;0;0;0;0;0;0;0;0;0;32
867;0;0;0;0;0;32;0;0;0;0;0;0;0;0;0;0;0;0;0;0;0;0;0;32
868;0;0;0;0;0;32;0;0;0;0;0;0;0;0;0;0;0;0;0;0;0;0;0;32
869;0;0;0;0;0;32;0;0;0;0;0;0;0;0;0;0;0;0;0;0;0;0;0;32
870;75;0;0;0;0;32;0;0;0;0;0;0;0;0;0;0;0;0;0;0;0;0;0;107
871;75;0;0;0;0;32;0;0;0;0;0;0;0;0;0;0;0;0;0;0;0;0;0;107
872;75;0;0;0;0;32;0;0;0;0;0;0;0;0;0;0;0;0;0;0;0;0;0;107
873;75;0;0;0;0;32;0;0;0;0;0;0;0;0;0;0;0;0;0;0;0;0;0;107
874;75;0;0;0;0;32;0;0;0;0;0;0;0;0;0;0;0;0;0;0;0;0;0;107
875;75;0;0;0;0;32;0;0;0;0;0;0;0;0;0;0;0;0;0;0;0;0;0;107
876;75;0;0;0;0;32;0;0;0;0;0;0;0;0;0;0;0;0;0;0;0;0;0;107
877;75;0;0;0;0;32;0;0;0;0;0;0;0;0;0;0;0;0;0;0;0;0;0;107
878;75;0;0;0;0;32;0;0;0;0;0;0;0;0;0;0;0;0;0;0;0;0;0;107
879;75;0;0;0;0;32;0;0;0;0;0;0;0;0;0;0;0;0;0;0;0;0;0;107
880;75;0;0;0;0;32;0;0;0;0;0;0;0;0;0;0;0;0;0;0;0;0;0;107
881;75;0;0;0;0;32;0;0;0;0;0;0;0;0;0;0;0;0;0;0;0;0;0;107
882;75;0;0;0;0;32;0;0;0;0;0;0;0;0;0;0;0;0;0;0;0;0;0;107
883;75;0;0;0;0;32;0;0;0;0;0;0;0;0;0;0;0;0;0;0;0;0;0;107
884;75;0;0;0;0;32;0;0;0;0;0;0;0;0;0;0;0;0;0;0;0;0;0;107
885;75;0;0;0;0;32;0;0;0;0;0;0;0;0;0;0;0;0;0;0;0;0;0;107
886;75;0;0;0;0;32;0;0;0;0;0;0;0;0;0;0;0;0;0;0;0;0;0;107
887;75;0;0;0;0;32;0;0;0;0;0;0;0;0;0;0;0;0;0;0;0;0;0;107
888;75;0;0;0;0;32;0;0;0;0;0;0;0;0;0;0;0;0;0;0;0;0;0;107
889;75;0;0;0;0;32;0;0;0;0;0;0;0;0;0;0;0;0;0;0;0;0;0;107
890;75;0;0;0;0;32;0;65;0;0;0;0;0;0;0;0;0;0;0;0;0;0;0;172
891;75;0;0;0;0;32;0;65;0;0;0;0;0;0;0;0;0;0;0;0;0;0;0;172
892;75;0;0;0;0;32;0;65;0;0;0;0;0;0;0;0;0;0;0;0;0;0;0;172
893;75;0;0;0;0;32;0;65;0;0;0;0;0;0;0;0;0;0;0;0;0;0;0;172
894;75;0;0;0;0;32;0;65;0;0;0;0;0;0;0;0;0;0;0;0;0;0;0;172
895;75;0;0;0;0;32;0;65;0;0;0;0;0;0;0;0;0;0;0;0;0;0;0;172
896;75;0;0;0;0;32;0;65;0;0;0;0;0;0;0;0;0;0;0;0;0;0;0;172
897;75;0;0;0;0;32;0;65;0;0;0;0;0;0;0;0;0;0;0;0;0;0;0;172
898;75;0;0;0;0;32;0;65;0;0;0;0;0;0;0;0;0;0;0;0;0;0;0;172
899;75;0;0;0;0;32;0;65;0;0;0;0;0;0;0;0;0;0;0;0;0;0;0;172
900;0;0;0;0;0;32;0;65;0;0;0;0;0;0;0;0;0;0;0;0;0;0;0;97
901;0;0;0;0;0;32;0;65;0;0;0;0;0;0;0;0;0;0;0;0;0;0;0;97
902;0;0;0;0;0;32;0;65;0;0;0;0;0;0;0;0;0;0;0;0;0;0;0;97
903;0;0;0;0;0;32;0;65;0;0;0;0;0;0;0;0;0;0;0;0;0;0;0;97
904;0;0;0;0;0;32;0;65;0;0;0;0;0;0;0;0;0;0;0;0;0;0;0;97
905;0;0;0;0;0;32;0;65;0;0;0;0;0;0;0;0;0;0;0;0;0;0;0;97
906;0;0;0;0;0;32;0;65;0;0;0;0;0;0;0;0;0;0;0;0;0;0;0;97
907;0;0;0;0;0;32;0;65;0;0;0;0;0;0;0;0;0;0;0;0;0;0;0;97
908;0;0;0;0;0;32;0;65;0;0;0;0;0;0;0;0;0;0;0;0;0;0;0;97
909;0;0;0;0;0;32;0;65;0;0;0;0;0;0;0;0;0;0;0;0;0;0;0;97
910;0;0;0;0;0;32;0;65;0;0;0;0;0;0;0;0;0;0;0;0;0;0;0;97
911;0;0;0;0;0;32;0;65;0;0;0;0;0;0;0;0;0;0;0;0;0;0;0;97
912;0;0;0;0;0;32;0;65;0;0;0;0;0;0;0;0;0;0;0;0;0;0;0;97
913;0;0;0;0;0;32;0;65;0;0;0;0;0;0;0;0;0;0;0;0;0;0;0;97
914;0;0;0;0;0;32;0;65;0;0;0;0;0;0;0;0;0;0;0;0;0;0;0;97
915;0;0;0;0;0;32;0;65;0;0;0;0;0;0;0;0;0;0;0;0;0;0;0;97
916;0;0;0;0;0;32;0;65;0;0;0;0;0;0;0;0;0;0;0;0;0;0;0;97
917;0;0;0;0;0;32;0;65;0;0;0;0;0;0;0;0;0;0;0;0;0;0;0;97
918;0;0;0;0;0;32;0;65;0;0;0;0;0;0;0;0;0;0;0;0;0;0;0;97
919;0;0;0;0;0;32;0;65;0;0;0;0;0;0;0;0;0;0;0;0;0;0;0;97
920;0;0;0;0;0;32;0;65;0;0;0;0;0;0;0;0;0;0;0;0;0;0;0;97
921;0;0;0;0;0;32;0;65;0;0;0;0;0;0;0;0;0;0;0;0;0;0;0;97
922;0;0;0;0;0;32;0;65;0;0;0;0;0;0;0;0;0;0;0;0;0;0;0;97
923;0;0;0;0;0;32;0;65;0;0;0;0;0;0;0;0;0;0;0;0;0;0;0;97
924;0;0;0;0;0;32;0;65;0;0;0;0;0;0;0;0;0;0;0;0;0;0;0;97
925;0;0;0;0;0;32;0;65;0;0;0;0;0;0;0;0;0;0;0;0;0;0;0;97
926;0;0;0;0;0;32;0;65;0;0;0;0;0;0;0;0;0;0;0;0;0;0;0;97
927;0;0;0;0;0;32;0;65;0;0;0;0;0;0;0;0;0;0;0;0;0;0;0;97
928;0;0;0;0;0;32;0;65;0;0;0;0;0;0;0;0;0;0;0;0;0;0;0;97
929;0;0;0;0;0;32;0;65;0;0;0;0;0;0;0;0;0;0;0;0;0;0;0;97
930;75;0;0;0;0;32;0;65;0;0;0;0;0;0;0;0;0;0;0;0;0;0;0;172
931;75;0;0;0;0;32;0;65;0;0;0;0;0;0;0;0;0;0;0;0;0;0;0;172
932;75;0;0;0;0;32;0;65;0;0;0;0;0;0;0;0;0;0;0;0;0;0;0;172
933;75;0;0;0;0;32;0;65;0;0;0;0;0;0;0;0;0;0;0;0;0;0;0;172
934;75;0;0;0;0;32;0;65;0;0;0;0;0;0;0;0;0;0;0;0;0;0;0;172
935;75;0;0;0;0;32;0;65;0;0;0;0;0;0;0;0;0;0;0;0;0;0;0;172
936;75;0;0;0;0;32;0;65;0;0;0;0;0;0;0;0;0;0;0;0;0;0;0;172
937;75;0;0;0;0;32;0;65;0;0;0;0;0;0;0;0;0;0;0;0;0;0;0;172
938;75;0;0;0;0;32;0;65;0;0;0;0;0;0;0;0;0;0;0;0;0;0;0;172
939;75;0;0;0;0;32;0;65;0;0;0;0;0;0;0;0;0;0;0;0;0;0;0;172
940;75;0;0;0;0;32;0;65;0;0;0;0;0;0;0;0;0;0;0;0;0;0;0;172
941;75;0;0;0;0;32;0;65;0;0;0;0;0;0;0;0;0;0;0;0;0;0;0;172
942;75;0;0;0;0;32;0;65;0;0;0;0;0;0;0;0;0;0;0;0;0;0;0;172
943;75;0;0;0;0;32;0;65;0;0;0;0;0;0;0;0;0;0;0;0;0;0;0;172
944;75;0;0;0;0;32;0;65;0;0;0;0;0;0;0;0;0;0;0;0;0;0;0;172
945;75;0;0;0;0;32;0;65;0;0;0;0;0;0;0;0;0;0;0;0;0;0;0;172
946;75;0;0;0;0;32;0;65;0;0;0;0;0;0;0;0;0;0;0;0;0;0;0;172
947;75;0;0;0;0;32;0;65;0;0;0;0;0;0;0;0;0;0;0;0;0;0;0;172
948;75;0;0;0;0;32;0;65;0;0;0;0;0;0;0;0;0;0;0;0;0;0;0;172
949;75;0;0;0;0;32;0;65;0;0;0;0;0;0;0;0;0;0;0;0;0;0;0;172
950;75;0;0;0;0;32;0;65;0;0;0;0;0;0;0;0;0;0;0;0;0;0;0;172
951;75;0;0;0;0;32;0;65;0;0;0;0;0;0;0;0;0;0;0;0;0;0;0;172
952;75;0;0;0;0;32;0;65;0;0;0;0;0;0;0;0;0;0;0;0;0;0;0;172
953;75;0;0;0;0;32;0;65;0;0;0;0;0;0;0;0;0;0;0;0;0;0;0;172
954;75;0;0;0;0;32;0;65;0;0;0;0;0;0;0;0;0;0;0;0;0;0;0;172
955;75;0;0;0;0;32;0;65;0;0;0;0;0;0;0;0;0;0;0;0;0;0;0;172
956;75;0;0;0;0;32;0;65;0;0;0;0;0;0;0;0;0;0;0;0;0;0;0;172
957;75;0;0;0;0;32;0;65;0;0;0;0;0;0;0;0;0;0;0;0;0;0;0;172
958;75;0;0;0;0;32;0;65;0;0;0;0;0;0;0;0;0;0;0;0;0;0;0;172
959;75;0;0;0;0;32;0;65;0;0;0;0;0;0;0;0;0;0;0;0;0;0;0;172
960;0;0;0;0;0;32;0;65;0;0;0;0;0;0;0;0;0;0;0;0;0;0;0;97
961;0;0;0;0;0;32;0;65;0;0;0;0;0;0;0;0;0;0;0;0;0;0;0;97
962;0;0;0;0;0;32;0;65;0;0;0;0;0;0;0;0;0;0;0;0;0;0;0;97
963;0;0;0;0;0;32;0;65;0;0;0;0;0;0;0;0;0;0;0;0;0;0;0;97
964;0;0;0;0;0;32;0;65;0;0;0;0;0;0;0;0;0;0;0;0;0;0;0;97
965;0;0;0;0;0;32;0;65;0;0;0;0;0;0;0;0;0;0;0;0;0;0;0;97
966;0;0;0;0;0;32;0;65;0;0;0;0;0;0;0;0;0;0;0;0;0;0;0;97
967;0;0;0;0;0;32;0;65;0;0;0;0;0;0;0;0;0;0;0;0;0;0;0;97
968;0;0;0;0;0;32;0;65;0;0;0;0;0;0;0;0;0;0;0;0;0;0;0;97
969;0;0;0;0;0;32;0;65;0;0;0;0;0;0;0;0;0;0;0;0;0;0;0;97
970;0;0;0;0;0;32;0;65;0;0;0;0;0;0;0;0;0;0;0;0;0;0;0;97
971;0;0;0;0;0;32;0;65;0;0;0;0;0;0;0;0;0;0;0;0;0;0;0;97
972;0;0;0;0;0;32;0;65;0;0;0;0;0;0;0;0;0;0;0;0;0;0;0;97
973;0;0;0;0;0;32;0;65;0;0;0;0;0;0;0;0;0;0;0;0;0;0;0;97
974;0;0;0;0;0;32;0;65;0;0;0;0;0;0;0;0;0;0;0;0;0;0;0;97
975;0;0;0;0;0;32;0;65;0;0;0;0;0;0;0;0;0;0;0;0;0;0;0;97
976;0;0;0;0;0;32;0;65;0;0;0;0;0;0;0;0;0;0;0;0;0;0;0;97
977;0;0;0;0;0;32;0;65;0;0;0;0;0;0;0;0;0;0;0;0;0;0;0;97
978;0;0;0;0;0;32;0;65;0;0;0;0;0;0;0;0;0;0;0;0;0;0;0;97
979;0;0;0;0;0;32;0;65;0;0;0;0;0;0;0;0;0;0;0;0;0;0;0;97
980;0;0;0;0;0;32;0;65;0;0;0;0;0;0;0;0;0;0;0;0;0;0;0;97
981;0;0;0;0;0;32;0;65;0;0;0;0;0;0;0;0;0;0;0;0;0;0;0;97
982;0;0;0;0;0;32;0;65;0;0;0;0;0;0;0;0;0;0;0;0;0;0;0;97
983;0;0;0;0;0;32;0;65;0;0;0;0;0;0;0;0;0;0;0;0;0;0;0;97
984;0;0;0;0;0;32;0;65;0;0;0;0;0;0;0;0;0;0;0;0;0;0;0;97
985;0;0;0;0;0;32;0;65;0;0;0;0;0;0;0;0;0;0;0;0;0;0;0;97
986;0;0;0;0;0;32;0;65;0;0;0;0;0;0;0;0;0;0;0;0;0;0;0;97
987;0;0;0;0;0;32;0;65;0;0;0;0;0;0;0;0;0;0;0;0;0;0;0;97
988;0;0;0;1200;0;32;0;65;0;0;0;0;0;0;0;0;0;0;0;0;0;0;0;1297
989;0;0;0;1200;0;32;0;65;0;0;0;0;0;0;0;0;0;0;0;0;0;0;0;1297
990;75;0;0;1200;0;32;0;65;0;0;0;0;0;0;0;0;0;0;0;0;0;0;0;1372
991;75;0;0;1200;0;32;0;65;0;0;0;0;0;0;0;0;0;0;0;0;0;0;0;1372
992;75;0;0;1200;0;32;0;65;0;0;0;0;0;0;0;0;0;0;0;0;0;0;0;1372
993;75;0;0;1200;0;32;0;65;0;0;0;0;0;0;0;0;0;0;0;0;0;0;0;1372
994;75;0;0;1200;0;32;0;65;0;0;0;0;0;0;0;0;0;0;0;0;0;0;0;1372
995;75;0;0;1200;0;32;0;65;0;0;0;0;0;0;0;0;0;0;0;0;0;0;0;1372
996;75;0;0;1200;0;32;0;65;0;0;0;0;0;0;0;0;0;0;0;0;0;0;0;1372
997;75;0;0;1200;0;32;0;65;0;0;0;0;0;0;0;0;0;0;0;0;0;0;0;1372
998;75;0;0;1200;0;32;0;65;0;0;0;0;0;0;0;0;0;0;0;0;0;0;0;1372
999;75;0;0;1200;0;32;0;65;0;0;0;0;0;0;0;0;0;0;0;0;0;0;0;1372
1000;75;0;0;1200;0;32;0;65;0;0;0;0;0;0;0;0;0;0;0;0;0;0;0;1372
1001;75;0;0;1200;0;32;0;65;0;0;0;0;0;0;0;0;0;0;0;0;0;0;0;1372
1002;75;0;0;1200;0;32;0;65;0;0;0;0;0;0;0;0;0;0;0;0;0;0;0;1372
1003;75;0;0;1200;0;32;0;65;0;0;0;0;0;0;0;0;0;0;0;0;0;0;0;1372
1004;75;0;0;1200;0;32;0;65;0;0;0;0;0;0;0;0;0;0;0;0;0;0;0;1372
1005;75;0;0;1200;0;32;0;65;0;0;0;0;0;0;0;0;0;0;0;0;0;0;0;1372
1006;75;0;0;1200;0;32;0;65;0;0;0;0;0;0;0;0;0;0;0;0;0;0;0;1372
1007;75;0;0;1200;0;32;0;65;0;0;0;0;0;0;0;0;0;0;0;0;0;0;0;1372
1008;75;0;0;1200;0;32;0;65;0;0;0;0;0;0;0;0;0;0;0;0;0;0;0;1372
1009;75;0;0;1200;0;32;0;65;0;0;0;0;0;0;0;0;0;0;0;0;0;0;0;1372
1010;75;0;0;1200;0;32;0;65;0;0;0;0;0;0;0;0;0;0;0;0;0;0;0;1372
1011;75;0;0;1200;0;32;0;65;0;0;0;0;0;0;0;0;0;0;0;0;0;0;0;1372
1012;75;0;0;1200;0;32;0;65;0;0;0;0;0;0;0;0;0;0;0;0;0;0;0;1372
1013;75;0;0;1200;0;0;0;65;0;0;0;0;0;0;0;0;0;0;0;0;0;0;0;1340
1014;75;0;0;1200;0;0;0;65;0;0;0;0;0;0;0;0;0;0;0;0;0;0;0;1340
1015;75;0;0;1200;0;0;0;65;0;0;0;0;0;0;0;0;0;0;0;0;0;0;0;1340
1016;75;0;0;1200;0;0;0;65;0;0;0;0;0;0;0;0;0;0;0;0;0;0;0;1340
1017;75;0;0;1200;0;0;0;65;0;0;0;0;0;0;0;0;0;0;0;0;0;0;0;1340
1018;75;0;0;1200;0;0;0;65;0;0;0;0;0;0;0;0;0;0;0;0;0;0;0;1340
1019;75;0;0;1200;0;0;0;65;0;0;0;0;0;0;0;0;0;0;0;0;0;0;0;1340
1020;0;0;0;1200;0;0;0;65;0;0;0;0;0;0;0;0;0;0;0;0;0;0;0;1265
1021;0;0;0;1200;0;0;0;65;0;0;0;0;0;0;0;0;0;0;0;0;0;0;0;1265
1022;0;0;0;1200;0;0;0;65;0;0;0;0;0;0;0;0;0;0;0;0;0;0;0;1265
1023;0;0;0;1200;0;0;0;65;0;0;0;0;0;0;0;0;0;0;0;0;0;0;0;1265
1024;0;0;0;1200;0;0;0;65;0;0;0;0;0;0;0;0;0;0;0;0;0;0;0;1265
1025;0;0;0;1200;0;0;0;65;0;0;0;0;0;0;0;0;0;0;0;0;0;0;0;1265
1026;0;0;0;1200;0;0;0;65;0;0;0;0;0;0;0;0;0;0;0;0;0;0;0;1265
1027;0;0;0;1200;0;0;0;65;0;0;0;0;0;0;0;0;0;0;0;0;0;0;0;1265
1028;0;0;0;1200;0;0;0;65;0;0;0;0;0;0;0;0;0;0;0;0;0;0;0;1265
1029;0;0;0;1200;0;0;0;65;0;0;0;0;0;0;0;0;0;0;0;0;0;0;0;1265
1030;0;0;0;1200;0;0;0;65;0;0;0;0;0;0;0;0;0;0;0;0;0;0;0;1265
1031;0;0;0;1200;0;0;0;65;0;0;0;0;0;0;0;0;0;0;0;0;0;0;0;1265
1032;0;0;0;1200;0;0;0;65;0;0;0;0;0;0;0;0;0;0;0;0;0;0;0;1265
1033;0;0;0;1200;0;0;0;65;0;0;0;0;0;0;0;0;0;0;0;0;0;0;0;1265
1034;0;0;0;1200;0;0;0;65;0;0;0;0;0;0;0;0;0;0;0;0;0;0;0;1265
1035;0;0;0;1200;0;0;0;65;0;0;0;0;0;0;0;0;0;0;0;0;0;0;0;1265
1036;0;0;0;1200;0;0;0;65;0;0;0;0;0;0;0;0;0;0;0;0;0;0;0;1265
1037;0;0;0;1200;0;0;0;65;0;0;0;0;0;0;0;0;0;0;0;0;0;0;0;1265
1038;0;0;0;1200;0;0;0;65;0;0;0;0;0;0;0;0;0;0;0;0;0;0;0;1265
1039;0;0;0;1200;0;0;0;65;0;0;0;0;0;0;0;0;0;0;0;0;0;0;0;1265
1040;0;0;0;1200;0;0;0;65;0;0;0;0;0;0;0;0;0;0;0;0;0;0;0;1265
1041;0;0;0;1200;0;0;0;65;0;0;0;0;0;0;0;0;0;0;0;0;0;0;0;1265
1042;0;0;0;1200;0;0;0;65;0;0;0;0;0;0;0;0;0;0;0;0;0;0;0;1265
1043;0;0;0;1200;0;0;0;65;0;0;0;0;0;0;0;0;0;0;0;0;0;0;0;1265
1044;0;0;0;1200;0;0;0;65;0;0;0;0;0;0;0;0;0;0;0;0;0;0;0;1265
1045;0;0;0;1200;0;0;0;65;0;0;0;0;0;0;0;0;0;0;0;0;0;0;0;1265
1046;0;0;0;1200;0;0;0;65;0;0;0;0;0;0;0;0;0;0;0;0;0;0;0;1265
1047;0;0;0;1200;0;0;0;65;0;0;0;0;0;0;0;0;0;0;0;0;0;0;0;1265
1048;0;0;0;1200;0;0;0;65;0;0;0;0;0;0;0;0;0;0;0;0;0;0;0;1265
1049;0;0;0;1200;0;0;0;65;0;0;0;0;0;0;0;0;0;0;0;0;0;0;0;1265
1050;75;0;0;1200;0;0;0;65;0;0;0;0;0;0;0;0;0;0;0;0;0;0;0;1340
1051;75;0;0;1200;0;0;0;65;0;0;0;0;0;0;0;0;0;0;0;0;0;0;0;1340
1052;75;0;0;1200;0;0;0;65;0;0;0;0;0;0;0;0;0;0;0;0;0;0;0;1340
1053;75;0;0;1200;0;0;0;65;0;0;0;0;0;0;0;0;0;0;0;0;0;0;0;1340
1054;75;0;0;1200;0;0;0;65;0;0;0;0;0;0;0;0;0;0;0;0;0;0;0;1340
1055;75;0;0;1200;0;0;0;65;0;0;0;0;0;0;0;0;0;0;0;0;0;0;0;1340
1056;75;0;0;1200;0;0;0;65;0;0;0;0;0;0;0;0;0;0;0;0;0;0;0;1340
1057;75;0;0;1200;0;0;0;65;0;0;0;0;0;0;0;0;0;0;0;0;0;0;0;1340
1058;75;0;0;1200;0;0;0;65;0;0;0;0;0;0;0;0;0;0;0;0;0;0;0;1340
1059;75;0;0;1200;0;0;0;65;0;0;0;0;0;0;0;0;0;0;0;0;0;0;0;1340
1060;75;0;0;1200;0;0;0;65;0;0;0;0;0;0;0;0;0;0;0;0;0;0;0;1340
1061;75;0;0;1200;0;0;0;65;0;0;0;0;0;0;0;0;0;0;0;0;0;0;0;1340
1062;75;0;0;1200;0;0;0;65;0;0;0;0;0;0;0;0;0;0;0;0;0;0;0;1340
1063;75;0;0;1200;0;0;0;65;0;0;0;0;0;0;0;0;0;0;0;0;0;0;0;1340
1064;75;0;0;1200;0;0;0;65;0;0;0;0;0;0;0;0;0;0;0;0;0;0;0;1340
1065;75;0;0;1200;0;0;0;65;0;0;0;0;0;0;0;0;0;0;0;0;0;0;0;1340
1066;75;0;0;1200;0;0;0;65;0;0;0;0;0;0;0;0;0;0;0;0;0;0;0;1340
1067;75;0;0;1200;0;0;0;65;0;0;0;0;0;0;0;0;0;0;0;0;0;0;0;1340
1068;75;0;0;1200;0;0;0;65;0;0;0;0;0;0;0;0;0;0;0;0;0;0;0;1340
1069;75;0;0;1200;0;0;0;65;0;0;0;0;0;0;0;0;0;0;0;0;0;0;0;1340
1070;75;0;0;1200;0;0;0;65;0;0;0;0;0;0;0;0;0;0;0;0;0;0;0;1340
1071;75;0;0;1200;0;0;0;65;0;0;0;0;0;0;0;0;0;0;0;0;0;0;0;1340
1072;75;0;0;1200;0;0;0;65;0;0;0;0;0;0;0;0;0;0;0;0;0;0;0;1340
1073;75;0;0;1200;0;0;0;65;0;0;0;0;0;0;0;0;0;0;0;0;0;0;0;1340
1074;75;0;0;1200;0;0;0;65;0;0;0;0;0;0;0;0;0;0;0;0;0;0;0;1340
1075;75;0;0;1200;0;0;0;65;0;0;0;0;0;0;0;0;0;0;0;0;0;0;0;1340
1076;75;0;0;1200;0;0;0;65;0;0;0;0;0;0;0;0;0;0;0;0;0;0;0;1340
1077;75;0;0;1200;0;0;0;65;0;0;0;0;0;0;0;0;0;0;0;0;0;0;0;1340
1078;75;0;0;1200;0;0;0;65;0;0;0;0;0;0;0;0;0;0;0;0;0;0;0;1340
1079;75;0;0;1200;0;0;0;65;0;0;0;0;0;0;0;0;0;0;0;0;0;0;0;1340
1080;0;0;0;1200;0;0;0;65;0;0;0;0;0;0;0;0;0;0;0;0;0;0;0;1265
1081;0;0;0;1200;0;0;0;65;0;0;0;0;0;0;0;0;0;0;0;0;0;0;0;1265
1082;0;0;0;1200;0;0;0;65;0;0;0;0;0;0;0;0;0;0;0;0;0;0;0;1265
1083;0;0;0;1200;0;0;0;65;0;0;0;0;0;0;0;0;0;0;0;0;0;0;0;1265
1084;0;0;0;1200;0;0;0;65;0;0;0;0;0;1750;0;0;0;0;0;0;0;0;0;3015
1085;0;0;0;1200;0;0;0;65;0;0;0;0;0;1750;0;0;0;0;0;0;0;0;0;3015
1086;0;0;0;1200;0;0;0;65;0;0;0;0;0;1750;0;0;0;0;0;0;0;0;0;3015
1087;0;0;0;1200;0;0;0;65;0;0;0;0;0;1750;0;0;0;0;0;0;0;0;0;3015
1088;0;0;0;1200;0;0;0;65;0;0;0;0;0;1750;0;0;0;0;0;0;0;0;0;3015
1089;0;0;0;1200;0;0;0;65;0;0;0;0;0;1750;0;0;0;0;0;0;0;0;0;3015
1090;0;0;0;1200;0;0;0;65;0;0;0;0;0;1750;0;0;0;0;0;0;0;0;0;3015
1091;0;0;0;1200;0;0;0;65;0;0;0;0;0;1750;0;0;0;0;0;0;0;0;0;3015
1092;0;0;0;1200;0;0;0;65;0;0;0;0;0;1750;0;0;0;0;0;0;0;0;0;3015
1093;0;0;0;1200;0;0;0;65;0;0;0;0;0;1750;0;0;0;0;0;0;0;0;0;3015
1094;0;0;0;1200;0;0;0;65;0;0;0;0;0;1750;0;0;0;0;0;0;0;0;0;3015
1095;0;0;0;1200;0;0;0;65;0;0;0;0;0;1750;0;0;0;0;0;0;0;0;0;3015
1096;0;0;0;1200;0;0;0;65;0;0;0;0;0;1750;0;0;0;0;0;0;0;0;0;3015
1097;0;0;0;1200;0;0;0;65;0;0;0;0;0;1750;0;0;0;0;0;0;0;0;0;3015
1098;0;0;0;1200;0;0;0;65;0;0;0;0;0;1750;0;0;0;0;0;0;0;0;0;3015
1099;0;0;0;1200;0;0;0;65;0;0;0;0;0;1750;0;0;0;0;0;0;0;0;0;3015
1100;0;0;0;1200;0;0;0;65;0;0;0;0;0;1750;0;0;0;0;0;0;0;0;0;3015
1101;0;0;0;1200;0;0;0;65;0;0;0;0;0;1750;0;0;0;0;0;0;0;0;0;3015
1102;0;0;0;1200;0;0;0;65;0;0;0;0;0;1750;0;0;0;0;0;0;0;0;0;3015
1103;0;0;0;1200;0;0;0;65;0;0;0;0;0;1750;0;0;0;0;0;0;0;0;0;3015
1104;0;0;0;1200;0;0;0;65;0;0;0;0;0;1750;0;0;0;0;0;0;0;0;0;3015
1105;0;0;0;1200;0;0;0;65;0;0;0;0;0;1750;0;0;0;0;0;0;0;0;0;3015
1106;0;0;0;1200;0;0;0;65;0;0;0;0;0;1750;0;0;0;0;0;0;0;0;0;3015
1107;0;0;0;1200;0;0;0;65;0;0;0;0;0;1750;0;0;0;0;0;0;0;0;0;3015
1108;0;0;0;0;0;0;0;65;0;0;0;0;0;1750;0;0;0;0;0;0;0;0;0;1815
1109;0;0;0;0;0;0;0;65;0;0;0;0;0;1750;0;0;0;0;0;0;0;0;0;1815
1110;75;0;0;0;0;0;0;65;0;0;0;0;0;1750;0;0;0;0;0;0;0;0;0;1890
1111;75;0;0;0;0;0;0;65;0;0;0;0;0;1750;0;0;0;0;0;0;0;0;0;1890
1112;75;0;0;0;0;0;0;65;0;0;0;0;0;1750;0;0;0;0;0;0;0;0;0;1890
1113;75;0;0;0;0;0;0;65;0;0;0;0;0;1750;0;0;0;0;0;0;0;0;0;1890
1114;75;0;0;0;0;0;0;65;0;0;0;0;0;1750;0;0;0;0;0;0;0;0;0;1890
1115;75;0;0;0;0;0;0;65;0;0;0;0;0;1750;0;0;0;0;0;0;0;0;0;1890
1116;75;0;0;0;0;0;0;65;0;0;0;0;0;1750;0;0;0;0;0;0;0;0;0;1890
1117;75;0;0;0;0;0;0;65;0;1000;0;0;0;1750;0;0;0;0;0;0;0;0;0;2890
1118;75;0;0;0;0;0;0;65;0;1000;0;0;0;1750;0;0;0;0;0;0;0;0;0;2890
1119;75;0;0;0;0;0;0;65;0;1000;0;0;0;1750;0;0;0;0;0;0;0;0;0;2890
1120;75;0;0;0;0;0;0;65;0;1000;0;0;0;1750;0;0;0;0;0;0;0;0;0;2890
1121;75;0;0;0;0;0;0;65;0;1000;0;0;0;1750;0;0;0;0;0;0;0;0;0;2890
1122;75;0;0;0;0;0;0;65;0;1000;0;0;0;1750;0;0;0;0;0;0;0;0;0;2890
1123;75;0;0;0;0;0;0;65;0;1000;0;0;0;1750;0;0;0;0;0;0;0;0;0;2890
1124;75;0;0;0;0;0;0;65;0;1000;0;0;0;1750;0;0;0;0;0;0;0;0;0;2890
1125;75;0;0;0;0;0;0;65;0;1000;0;0;0;1750;0;0;0;0;0;0;0;0;0;2890
1126;75;0;0;0;0;0;0;65;0;1000;0;0;0;1750;0;0;0;0;0;0;0;0;0;2890
1127;75;0;0;0;0;0;0;65;0;1000;0;0;0;1750;0;0;0;0;0;0;0;0;0;2890
1128;75;0;0;0;0;0;0;65;0;1000;0;0;0;1750;0;0;0;0;0;0;0;0;0;2890
1129;75;0;0;0;0;0;0;65;0;1000;0;0;0;0;0;0;0;0;0;0;0;0;0;1140
1130;75;0;0;0;0;0;0;65;0;1000;0;0;0;0;0;0;0;0;0;0;0;0;0;1140
1131;75;0;0;0;0;0;0;65;0;1000;0;0;0;0;0;0;0;0;0;0;0;0;0;1140
1132;75;0;0;0;0;0;0;65;0;0;0;0;0;0;0;0;0;0;0;0;0;0;0;140
1133;75;0;0;0;0;0;0;65;0;0;0;0;0;0;0;0;0;0;0;0;0;0;0;140
1134;75;0;0;0;0;0;0;65;0;0;0;0;0;0;0;0;0;0;0;0;0;0;0;140
1135;75;0;0;0;0;0;0;65;0;0;0;0;0;0;0;0;0;0;0;0;0;0;0;140
1136;75;0;0;0;0;0;0;65;0;0;0;0;0;0;0;0;0;0;0;0;0;0;0;140
1137;75;0;0;0;0;0;0;65;0;0;0;0;0;0;0;0;0;0;0;0;0;0;0;140
1138;75;0;0;0;0;0;0;65;0;0;0;0;0;0;0;0;0;0;0;0;0;0;0;140
1139;75;0;0;0;0;0;0;65;0;0;0;0;0;0;0;0;0;0;0;0;0;0;0;140
1140;0;0;0;0;0;0;0;65;0;0;0;0;0;0;0;0;0;0;0;0;0;0;0;65
1141;0;0;0;0;0;0;0;65;0;0;0;0;0;0;0;0;0;0;0;0;0;0;0;65
1142;0;0;0;0;0;0;0;65;0;0;0;0;0;0;0;0;0;0;0;0;0;0;0;65
1143;0;0;0;0;0;0;0;65;0;0;0;0;0;0;0;0;0;0;0;0;0;0;0;65
1144;0;0;0;0;0;0;0;65;0;0;0;0;0;0;0;0;0;0;0;0;0;0;0;65
1145;0;0;0;0;0;0;0;65;0;0;0;0;0;0;0;0;0;0;0;0;0;0;0;65
1146;0;0;0;0;0;0;0;65;0;0;0;0;0;0;0;0;0;0;0;0;0;0;0;65
1147;0;0;0;0;0;0;0;65;0;0;0;0;0;0;0;0;0;0;0;0;0;0;0;65
1148;0;0;0;0;0;0;0;65;0;0;0;0;0;0;0;0;0;0;0;0;0;0;0;65
1149;0;0;0;0;0;0;0;65;0;0;0;0;0;0;0;0;0;0;0;0;0;0;0;65
1150;0;0;0;0;0;0;0;65;0;0;0;0;0;0;0;0;0;0;0;0;0;0;0;65
1151;0;0;0;0;0;0;0;65;0;0;0;0;0;0;0;0;0;0;0;0;0;0;0;65
1152;0;0;0;0;0;0;0;65;0;0;0;0;0;0;0;0;0;0;0;0;0;0;0;65
1153;0;0;0;0;0;0;0;65;0;0;0;0;0;0;0;0;0;0;0;0;0;0;0;65
1154;0;0;0;0;0;0;0;65;0;0;0;0;0;0;0;0;0;0;0;0;0;0;0;65
1155;0;0;0;0;0;0;0;65;0;0;0;0;0;0;0;0;0;0;0;0;0;0;0;65
1156;0;0;0;0;0;0;0;65;0;0;0;0;0;0;0;0;0;0;0;0;0;1125;0;1190
1157;0;0;0;0;0;0;0;65;0;0;0;0;0;0;0;0;0;0;0;0;0;1125;0;1190
1158;0;0;0;0;0;0;0;65;0;0;0;0;0;0;0;0;0;0;0;0;0;1125;0;1190
1159;0;0;0;0;0;0;0;65;0;0;0;0;0;0;0;0;0;0;0;0;0;1125;0;1190
1160;0;0;0;0;0;0;0;65;0;0;0;0;0;0;0;0;0;0;0;0;0;1125;0;1190
1161;0;0;0;0;0;0;0;65;0;0;0;0;0;0;0;0;0;0;0;0;0;1125;0;1190
1162;0;0;0;0;0;0;0;65;0;0;0;0;0;0;0;0;0;0;0;0;0;1125;0;1190
1163;0;0;0;0;0;0;0;65;0;0;0;0;0;0;0;0;0;0;0;0;0;1125;0;1190
1164;0;0;0;0;0;0;0;65;0;0;0;0;0;0;0;0;0;0;0;0;0;1125;0;1190
1165;0;0;0;0;0;0;100;65;0;0;0;0;0;0;0;0;0;0;0;0;0;1125;0;1290
1166;0;0;0;0;0;0;100;65;0;0;0;0;0;0;0;0;0;0;0;0;0;1125;0;1290
1167;0;0;0;0;0;0;100;65;0;0;0;0;0;0;0;0;0;0;0;0;0;1125;0;1290
1168;0;0;0;0;0;0;100;65;0;0;0;0;0;0;0;0;0;0;0;0;0;1125;0;1290
1169;0;0;0;0;0;0;100;65;0;0;0;0;0;0;0;0;0;0;0;0;0;1125;0;1290
1170;75;0;0;0;0;0;100;65;0;0;0;0;0;0;0;0;0;0;0;0;0;1125;0;1365
1171;75;0;0;0;0;0;100;65;0;0;0;0;0;0;0;0;0;0;0;0;0;1125;0;1365
1172;75;0;0;0;0;0;100;65;0;0;0;0;0;0;0;0;0;0;0;0;0;1125;0;1365
1173;75;0;0;0;0;0;100;65;0;0;0;0;0;0;0;0;0;0;0;0;0;1125;0;1365
1174;75;0;0;0;0;0;100;65;0;0;0;0;0;0;0;0;0;0;0;0;0;1125;0;1365
1175;75;0;0;0;0;0;100;65;0;0;0;0;0;0;0;0;0;0;0;0;0;1125;0;1365
1176;75;0;0;0;0;0;100;65;0;0;0;0;0;0;0;0;0;0;0;0;0;1125;0;1365
1177;75;0;0;0;0;0;100;65;0;0;0;0;0;0;0;0;0;0;0;0;0;1125;0;1365
1178;75;0;0;0;0;0;100;65;0;0;0;0;0;0;0;0;0;0;0;0;0;1125;0;1365
1179;75;0;0;0;0;0;100;65;0;0;0;0;0;0;0;0;0;0;0;0;0;1125;0;1365
1180;75;0;0;0;0;0;100;65;0;0;0;0;0;0;0;0;0;0;0;0;0;1125;0;1365
1181;75;0;0;0;0;0;100;65;0;0;0;0;0;0;0;0;0;0;0;0;0;1125;0;1365
1182;75;0;0;0;0;0;100;65;0;0;0;0;0;0;0;0;0;0;0;0;0;1125;0;1365
1183;75;0;0;0;0;0;100;65;0;0;0;0;0;0;0;0;0;0;0;0;0;1125;0;1365
1184;75;0;0;0;0;0;100;65;0;0;0;0;0;0;0;0;0;0;0;0;0;1125;0;1365
1185;75;0;0;0;0;0;100;65;0;0;0;0;0;0;0;0;0;0;0;0;0;1125;0;1365
1186;75;0;0;0;0;0;100;65;0;0;0;0;0;0;0;0;0;0;0;0;0;0;0;240
1187;75;0;0;0;0;0;100;65;0;0;0;0;0;0;0;0;0;0;0;0;0;0;0;240
1188;75;0;0;0;0;0;100;65;0;0;0;0;0;0;0;0;0;0;0;0;0;0;0;240
1189;75;0;0;0;0;0;100;65;0;0;0;0;0;0;0;0;0;0;0;0;0;0;0;240
1190;75;0;0;0;0;0;100;65;0;0;0;0;0;0;0;0;0;0;0;0;0;0;0;240
1191;75;0;0;0;0;0;100;65;0;0;0;0;0;0;0;0;0;0;0;0;0;0;0;240
1192;75;0;0;0;0;0;100;65;0;0;0;0;0;0;0;0;0;0;0;0;0;0;0;240
1193;75;0;0;0;0;0;100;65;0;0;0;0;0;0;0;0;0;0;0;0;0;0;0;240
1194;75;0;0;0;0;0;100;65;0;0;0;0;0;0;0;0;0;0;0;0;0;0;0;240
1195;75;0;0;0;0;0;100;65;0;0;0;0;0;0;0;0;0;0;0;0;0;0;0;240
1196;75;0;0;0;0;0;100;65;0;0;0;40;0;0;0;0;0;0;0;0;0;0;0;280
1197;75;0;0;0;0;0;100;65;0;0;0;40;0;0;0;0;0;0;0;0;0;0;0;280
1198;75;0;0;0;0;0;100;65;0;0;0;40;0;0;0;0;0;0;0;0;0;0;0;280
1199;75;0;0;0;0;0;100;65;0;0;0;40;0;0;0;0;0;0;0;0;0;0;0;280
1200;0;0;0;0;0;0;100;65;0;0;0;40;0;0;0;0;0;0;0;0;0;0;0;205
1201;0;0;0;0;0;0;100;65;0;0;0;40;0;0;0;0;0;0;0;0;0;0;0;205
1202;0;0;0;0;0;0;100;65;0;0;0;40;0;0;0;0;0;0;0;0;0;0;0;205
1203;0;0;0;0;0;0;100;65;0;0;0;40;0;0;0;0;0;0;0;0;0;0;0;205
1204;0;0;0;0;0;0;100;65;0;0;0;40;0;0;0;0;0;0;0;0;0;0;0;205
1205;0;0;0;0;0;0;100;65;0;0;0;40;0;0;0;0;0;0;0;0;0;0;0;205
1206;0;0;0;0;0;0;100;65;0;0;0;40;0;0;0;0;0;0;0;0;0;0;0;205
1207;0;0;0;0;0;0;100;65;0;0;0;40;0;0;0;0;0;0;0;0;0;0;0;205
1208;0;0;0;0;0;0;100;65;0;0;0;40;0;0;0;0;0;0;0;0;0;0;0;205
1209;0;0;0;0;0;0;100;65;0;0;0;40;0;0;0;0;0;0;0;0;0;0;0;205
1210;0;0;0;0;0;0;100;65;0;0;0;40;0;0;0;0;0;0;0;0;0;0;0;205
1211;0;0;0;0;0;0;100;65;0;0;0;40;0;0;0;0;0;0;0;0;0;0;0;205
1212;0;0;0;0;0;0;100;65;0;0;0;40;15;0;0;0;0;0;0;0;0;0;0;220
1213;0;0;0;0;0;0;100;65;0;0;0;40;15;0;0;0;0;0;0;0;0;0;0;220
1214;0;0;0;0;0;0;100;65;0;0;0;40;15;0;0;0;0;0;0;0;0;0;0;220
1215;0;0;0;0;0;0;100;0;0;0;0;40;15;0;0;0;0;0;0;0;0;0;0;155
1216;0;0;0;0;0;0;100;0;0;0;0;40;15;0;0;0;0;0;0;0;0;0;0;155
1217;0;0;0;0;0;0;100;0;0;0;0;40;15;0;0;0;0;0;0;0;0;0;0;155
1218;0;0;0;0;0;0;100;0;0;0;0;40;15;0;0;0;0;0;0;0;0;0;0;155
1219;0;0;0;0;0;0;100;0;0;0;0;40;15;0;0;0;0;0;0;0;0;0;0;155
1220;0;0;0;0;0;0;100;0;0;0;0;40;15;0;0;0;0;0;0;0;0;0;0;155
1221;0;0;0;0;0;0;100;0;0;0;0;40;15;0;0;0;0;0;0;0;0;0;0;155
1222;0;0;0;0;0;0;100;0;0;0;0;40;15;0;0;0;0;0;0;0;0;0;0;155
1223;0;0;0;0;0;0;100;0;0;0;0;40;15;0;0;0;0;0;0;0;0;0;0;155
1224;0;0;0;0;0;0;100;0;0;0;0;40;15;0;0;0;0;0;0;0;0;0;0;155
1225;0;0;0;0;0;0;100;0;0;0;0;40;15;0;0;0;0;0;0;0;0;0;0;155
1226;0;0;0;0;0;0;100;0;0;0;0;40;15;0;0;0;0;0;0;0;0;0;0;155
1227;0;0;0;0;0;0;100;0;0;0;0;40;15;0;0;0;0;0;0;0;0;0;0;155
1228;0;0;0;0;0;0;100;0;0;0;0;40;15;0;0;0;0;0;0;0;0;0;0;155
1229;0;0;0;0;0;0;100;0;0;0;0;40;15;0;0;0;0;0;0;0;0;0;0;155
1230;75;0;0;0;0;0;100;0;0;0;0;40;15;0;0;0;0;0;0;0;0;0;0;230
1231;75;0;0;0;0;0;100;0;0;0;0;40;15;0;0;0;0;0;0;0;0;0;0;230
1232;75;0;0;0;0;0;100;0;0;0;0;40;15;0;0;0;0;0;0;0;0;0;0;230
1233;75;0;0;0;0;0;100;0;0;0;0;40;15;0;0;0;0;0;0;0;0;0;0;230
1234;75;0;0;0;0;0;100;0;0;0;0;40;15;0;0;0;0;0;0;0;0;0;0;230
1235;75;0;0;0;0;0;100;0;0;0;0;40;15;0;0;0;0;0;0;0;0;0;0;230
1236;75;0;0;0;0;0;100;0;0;0;0;40;15;0;0;0;0;0;0;0;0;0;0;230
1237;75;0;0;0;0;0;100;0;0;0;0;40;15;0;0;0;0;0;0;0;0;0;0;230
1238;75;0;0;0;0;0;100;0;0;0;0;40;15;0;0;0;0;0;0;0;0;0;0;230
1239;75;0;0;0;0;0;100;0;0;0;0;40;15;0;0;0;0;0;0;0;0;0;0;230
1240;75;0;0;0;0;0;100;0;0;0;0;40;15;0;0;0;0;0;0;0;0;0;0;230
1241;75;0;0;0;0;0;100;0;0;0;0;40;15;0;0;0;0;0;0;0;0;0;0;230
1242;75;0;0;0;0;0;100;0;0;0;0;40;15;0;0;0;0;0;0;0;0;0;0;230
1243;75;0;0;0;0;0;100;0;0;0;0;40;15;0;0;0;0;0;0;0;0;0;0;230
1244;75;0;0;0;0;0;100;0;0;0;0;40;15;0;0;0;0;0;0;0;0;0;0;230
1245;75;0;0;0;0;0;100;0;0;0;0;40;15;0;0;0;0;0;0;0;0;0;0;230
1246;75;0;0;0;0;0;100;0;0;0;0;40;15;0;0;0;0;0;0;0;0;0;0;230
1247;75;0;0;0;0;0;100;0;0;0;0;40;15;0;0;0;0;0;0;0;0;0;0;230
1248;75;0;0;0;0;0;100;0;0;0;0;40;15;0;0;0;0;0;0;0;0;0;0;230
1249;75;0;0;0;0;0;100;0;0;0;0;40;15;0;0;0;0;0;0;0;0;0;0;230
1250;75;0;0;0;0;0;100;0;0;0;0;40;15;0;0;0;0;0;0;0;0;0;0;230
1251;75;0;0;0;0;0;100;0;0;0;0;40;15;0;0;0;0;0;0;0;0;0;0;230
1252;75;0;0;0;0;0;100;0;0;0;0;40;15;0;0;0;0;0;0;0;0;0;0;230
1253;75;0;0;0;0;0;100;0;0;0;0;40;15;0;0;0;0;0;0;0;0;0;0;230
1254;75;0;0;0;0;0;100;0;0;0;0;40;15;0;0;0;0;0;0;0;0;0;0;230
1255;75;0;0;0;0;0;100;0;0;0;0;40;15;0;0;0;0;0;0;0;0;0;0;230
1256;75;0;0;0;0;0;100;0;0;0;0;40;15;0;0;0;0;0;0;0;0;0;0;230
1257;75;0;0;0;0;0;100;0;0;0;0;40;15;0;0;0;0;0;0;0;0;0;0;230
1258;75;0;0;0;0;0;100;0;0;0;0;40;15;0;0;0;0;0;0;0;0;0;0;230
1259;75;0;0;0;0;0;100;0;0;0;0;40;15;0;0;0;0;0;0;0;0;0;0;230
1260;0;0;0;0;0;0;100;0;0;0;0;40;15;0;0;0;0;0;0;0;0;0;0;155
1261;0;0;0;0;0;0;100;0;0;0;0;40;15;0;0;0;0;0;0;0;0;0;0;155
1262;0;0;0;0;0;0;100;0;0;0;0;40;15;0;0;0;0;0;0;0;0;0;0;155
1263;0;0;0;0;0;0;100;0;0;0;0;40;15;0;0;0;0;0;0;0;0;0;0;155
1264;0;0;0;0;0;0;100;0;0;0;0;40;15;0;0;0;0;0;0;0;0;0;0;155
1265;0;0;0;0;0;0;100;0;0;0;0;40;15;0;0;0;0;0;0;0;0;0;0;155
1266;0;0;0;0;0;0;100;0;0;0;0;40;15;0;0;0;0;0;0;0;0;0;0;155
1267;0;0;0;0;0;0;100;0;0;0;0;40;15;0;0;0;0;0;0;0;0;0;0;155
1268;0;0;0;0;0;0;100;0;0;0;0;40;15;0;0;0;0;0;0;0;0;0;0;155
1269;0;0;0;0;0;0;100;0;0;0;0;40;15;0;0;0;0;0;0;0;0;0;0;155
1270;0;0;0;0;0;0;100;0;0;0;0;40;15;0;0;0;0;0;0;0;0;0;0;155
1271;0;0;0;0;0;0;100;0;0;0;0;40;15;0;0;0;0;0;0;0;0;0;0;155
1272;0;0;0;0;0;0;100;0;0;0;0;40;15;0;0;0;0;0;0;0;0;0;0;155
1273;0;0;0;0;0;0;100;0;0;0;0;40;15;0;0;0;0;0;0;0;0;0;0;155
1274;0;0;0;0;0;0;100;0;0;0;0;40;15;0;0;0;0;0;0;0;0;0;0;155
1275;0;0;0;0;0;0;100;0;0;0;0;40;15;0;0;0;0;950;0;0;0;0;0;1105
1276;0;0;0;0;0;0;100;0;0;0;0;40;15;0;0;0;0;950;0;0;0;0;0;1105
1277;0;0;0;0;0;0;100;0;0;0;0;40;15;0;0;0;0;950;0;0;0;0;0;1105
1278;0;0;0;0;0;0;100;0;0;0;0;40;15;0;0;0;0;950;0;0;0;0;0;1105
1279;0;0;0;0;0;0;100;0;0;0;0;40;15;0;0;0;0;950;0;0;0;0;0;1105
1280;0;0;0;0;0;0;100;0;0;0;0;40;15;0;0;0;0;950;0;0;0;0;0;1105
1281;0;0;0;0;0;0;100;0;0;0;0;40;15;0;0;0;0;950;0;0;0;0;0;1105
1282;0;0;0;0;0;0;100;0;0;0;0;40;15;0;0;0;0;950;0;0;0;0;0;1105
1283;0;0;0;0;0;0;100;0;0;0;0;40;15;0;0;0;0;950;0;0;0;0;0;1105
1284;0;0;0;0;0;0;100;0;0;0;0;40;15;0;0;0;0;950;0;0;0;0;0;1105
1285;0;0;0;0;0;0;100;0;0;0;0;40;15;0;0;0;0;950;0;0;0;0;0;1105
1286;0;0;0;0;0;0;100;0;0;0;0;40;15;0;0;0;0;950;0;0;0;0;0;1105
1287;0;0;0;0;0;0;100;0;0;0;0;40;15;0;0;0;0;950;0;0;0;0;0;1105
1288;0;0;0;0;0;0;100;0;0;0;0;40;15;0;0;0;0;950;0;0;0;0;0;1105
1289;0;0;0;0;0;0;100;0;0;0;0;40;15;0;0;0;0;950;0;0;0;0;0;1105
1290;75;0;0;0;0;0;100;0;0;0;0;40;15;0;0;0;0;950;0;0;0;0;0;1180
1291;75;0;0;0;0;0;100;0;0;0;0;40;15;0;0;0;0;950;0;0;0;0;0;1180
1292;75;0;0;0;0;0;100;0;0;0;0;40;15;0;0;0;0;950;0;0;0;0;0;1180
1293;75;0;0;0;0;0;100;0;0;0;0;40;15;0;0;0;0;950;0;0;0;0;0;1180
1294;75;0;0;0;0;0;100;0;0;0;0;40;15;0;0;0;0;950;0;0;0;0;0;1180
1295;75;0;0;0;0;0;100;0;0;0;0;40;15;0;0;0;0;950;0;0;0;0;0;1180
1296;75;0;0;0;0;0;100;0;0;0;0;40;15;0;0;0;0;950;0;0;0;0;0;1180
1297;75;0;0;0;0;0;100;0;0;0;0;40;15;0;0;0;0;950;0;0;0;0;0;1180
1298;75;0;0;0;0;0;100;0;0;0;0;40;15;0;0;0;0;950;0;0;0;0;0;1180
1299;75;0;0;0;0;0;100;0;0;0;0;40;15;0;0;0;0;950;0;0;0;0;0;1180
1300;75;0;0;0;0;0;100;0;0;0;0;40;15;0;0;0;0;950;0;0;0;0;0;1180
1301;75;0;0;0;0;0;100;0;0;0;0;40;15;0;0;0;0;950;0;0;0;0;0;1180
1302;75;0;0;0;0;0;100;0;0;0;0;40;15;0;0;0;0;950;0;0;0;0;0;1180
1303;75;0;0;0;0;0;100;0;0;0;0;40;15;0;0;0;0;950;0;0;0;0;0;1180
1304;75;0;0;0;0;0;100;0;0;0;0;40;15;0;0;0;0;950;0;0;0;0;0;1180
1305;75;0;0;0;0;0;100;0;0;0;0;40;15;0;0;0;0;950;0;0;0;0;0;1180
1306;75;0;0;0;0;0;100;0;0;0;0;40;15;0;0;0;0;950;0;0;0;0;0;1180
1307;75;0;0;0;0;0;100;0;0;0;0;40;0;0;0;0;0;950;0;0;0;0;0;1165
1308;75;0;0;0;0;0;100;0;0;0;0;40;0;0;0;0;0;950;0;0;0;0;0;1165
1309;75;0;0;0;0;0;100;0;0;0;0;40;0;0;0;0;0;950;0;0;0;0;0;1165
1310;75;0;0;0;0;0;100;0;0;0;0;40;0;0;0;0;0;950;0;0;0;0;0;1165
1311;75;0;0;0;0;0;100;0;0;0;0;40;0;0;0;0;0;950;0;0;0;0;0;1165
1312;75;0;0;0;0;0;100;0;0;0;0;40;0;0;0;0;0;950;0;0;0;0;0;1165
1313;75;0;0;0;0;0;100;0;0;0;0;40;0;0;0;0;0;950;0;0;0;0;0;1165
1314;75;0;0;0;0;0;100;0;0;0;0;40;0;0;0;0;0;950;0;0;0;0;0;1165
1315;75;0;0;0;0;0;100;0;0;0;0;40;0;0;0;0;0;950;0;0;0;0;0;1165
1316;75;0;0;0;0;0;100;0;0;0;0;40;0;0;0;0;0;950;0;0;0;0;0;1165
1317;75;0;0;0;0;0;100;0;0;0;0;40;0;0;0;0;0;950;0;0;0;0;0;1165
1318;75;0;0;0;0;0;100;0;0;0;0;40;0;0;0;0;0;950;0;0;0;0;0;1165
1319;75;0;0;0;0;0;100;0;0;0;0;40;0;0;0;0;0;950;0;0;0;0;0;1165
1320;0;0;0;0;0;0;100;0;0;0;0;40;0;0;0;0;0;950;0;0;0;0;0;1090
1321;0;0;0;0;0;0;100;0;0;0;0;40;0;0;0;0;0;950;0;0;0;0;0;1090
1322;0;0;0;0;0;0;100;0;0;0;0;40;0;0;0;0;0;950;0;0;0;0;0;1090
1323;0;0;0;0;0;0;100;0;0;0;0;40;0;0;0;0;0;950;0;0;0;0;0;1090
1324;0;0;0;0;0;0;100;0;0;0;0;40;0;0;0;0;0;950;0;0;0;0;0;1090
1325;0;0;0;0;0;0;100;0;0;0;0;40;0;0;0;0;0;950;0;0;0;0;0;1090
1326;0;0;0;0;0;0;100;0;0;0;0;40;0;0;0;0;0;950;0;0;0;0;0;1090
1327;0;0;0;0;0;0;100;0;0;0;0;40;0;0;0;0;0;950;0;0;0;0;0;1090
1328;0;0;0;0;0;0;100;0;0;0;0;40;0;0;0;0;0;950;0;0;0;0;0;1090
1329;0;0;0;0;0;0;100;0;0;0;0;40;0;0;0;0;0;950;0;0;0;0;0;1090
1330;0;0;0;0;0;0;100;0;0;0;0;40;0;0;0;0;0;950;0;0;0;0;0;1090
1331;0;0;0;0;0;0;100;0;0;0;0;40;0;0;0;0;0;950;0;0;0;0;0;1090
1332;0;0;0;0;0;0;100;0;0;0;0;40;0;0;0;0;0;950;0;0;0;0;0;1090
1333;0;0;0;0;0;0;100;0;0;0;0;40;0;0;0;0;0;950;0;0;0;0;0;1090
1334;0;0;0;0;0;0;100;0;0;0;0;40;0;0;0;0;0;950;0;0;0;0;0;1090
1335;0;0;0;0;0;0;100;0;0;0;0;40;0;0;0;0;0;0;0;0;0;0;0;140
1336;0;0;0;0;0;0;100;0;0;0;0;40;0;0;0;0;0;0;0;0;0;0;0;140
1337;0;0;0;0;0;0;100;0;0;0;0;40;0;0;0;0;0;0;0;0;0;0;0;140
1338;0;0;0;0;0;0;100;0;0;0;0;40;0;0;0;0;0;0;0;0;0;0;0;140
1339;0;0;0;0;0;0;100;0;0;0;0;40;0;0;0;0;0;0;0;0;0;0;0;140
1340;0;0;0;0;0;0;0;0;0;0;0;40;0;0;0;0;0;0;0;0;0;0;0;40
1341;0;0;0;0;0;0;0;0;0;0;0;40;0;0;0;0;0;0;0;0;0;0;0;40
1342;0;0;0;0;0;0;0;0;0;0;0;40;0;0;0;0;0;0;0;0;0;0;0;40
1343;0;0;0;0;0;0;0;0;0;0;0;40;0;0;0;0;0;0;0;0;0;0;0;40
1344;0;0;0;0;0;0;0;0;0;0;0;40;0;0;0;0;0;0;0;0;0;0;0;40
1345;0;0;0;0;0;0;0;0;0;0;0;40;0;0;0;0;0;0;0;0;0;0;0;40
1346;0;0;0;0;0;0;0;0;0;0;0;40;0;0;0;0;0;0;0;0;0;0;0;40
1347;0;0;0;0;0;0;0;0;0;0;0;40;0;0;0;0;0;0;0;0;0;0;0;40
1348;0;0;0;0;0;0;0;0;0;0;0;40;0;0;0;0;0;0;0;0;0;0;0;40
1349;0;0;0;0;0;0;0;0;0;0;0;40;0;0;0;0;0;0;0;0;0;0;0;40
1350;75;0;0;0;0;0;0;0;0;0;0;40;0;0;0;0;0;0;0;0;0;0;0;115
1351;75;0;0;0;0;0;0;0;0;0;0;40;0;0;0;0;0;0;0;0;0;0;0;115
1352;75;0;0;0;0;0;0;0;0;0;0;40;0;0;0;0;0;0;0;0;0;0;0;115
1353;75;0;0;0;0;0;0;0;0;0;0;40;0;0;0;0;0;0;0;0;0;0;0;115
1354;75;0;0;0;0;0;0;0;0;0;0;40;0;0;0;0;0;0;0;0;0;0;0;115
1355;75;0;0;0;0;0;0;0;0;0;0;40;0;0;0;0;0;0;0;0;0;0;0;115
1356;75;0;0;0;0;0;0;0;0;0;0;40;0;0;0;0;0;0;0;0;0;0;0;115
1357;75;0;0;0;0;0;0;0;0;0;0;40;0;0;0;0;0;0;0;0;0;0;0;115
1358;75;0;0;0;0;0;0;0;0;0;0;40;0;0;0;0;0;0;0;0;0;0;0;115
1359;75;0;0;0;0;0;0;0;0;0;0;40;0;0;0;0;0;0;0;0;0;0;0;115
1360;75;0;0;0;0;0;0;0;0;0;0;40;0;0;0;0;0;0;0;0;0;0;0;115
1361;75;0;0;0;0;0;0;0;0;0;0;40;0;0;0;0;0;0;0;0;0;0;0;115
1362;75;0;0;0;0;0;0;0;0;0;0;40;0;0;0;0;0;0;0;0;0;0;0;115
1363;75;0;0;0;0;0;0;0;0;0;0;40;0;0;0;0;0;0;0;0;0;0;0;115
1364;75;0;0;0;0;0;0;0;0;0;0;40;0;0;0;0;0;0;0;0;0;0;0;115
1365;75;0;0;0;0;0;0;0;0;0;0;40;0;0;0;0;0;0;0;0;0;0;0;115
1366;75;0;0;0;0;0;0;0;0;0;0;40;0;0;0;0;0;0;0;0;0;0;0;115
1367;75;0;0;0;0;0;0;0;0;0;0;40;0;0;0;0;0;0;0;0;0;0;0;115
1368;75;0;0;0;0;0;0;0;0;0;0;40;0;0;0;0;0;0;0;0;0;0;0;115
1369;75;0;0;0;0;0;0;0;0;0;0;40;0;0;0;0;0;0;0;0;0;0;0;115
1370;75;0;0;0;0;0;0;0;0;0;0;40;0;0;0;0;0;0;0;0;0;0;0;115
1371;75;0;0;0;0;0;0;0;0;0;0;40;0;0;0;0;0;0;0;0;0;0;0;115
1372;75;0;0;0;0;0;0;0;0;0;0;40;0;0;0;0;0;0;0;0;0;0;0;115
1373;75;0;0;0;0;0;0;0;0;0;0;40;0;0;0;0;0;0;0;0;0;0;0;115
1374;75;0;0;0;0;0;0;0;0;0;0;40;0;0;0;0;0;0;0;0;0;0;0;115
1375;75;0;0;0;0;0;0;0;0;0;0;40;0;0;0;0;0;0;0;0;0;0;0;115
1376;75;0;0;0;0;0;0;0;0;0;0;0;0;0;0;0;0;0;0;0;0;0;0;75
1377;75;0;0;0;0;0;0;0;0;0;0;0;0;0;0;0;0;0;0;0;0;0;0;75
1378;75;0;0;0;0;0;0;0;0;0;0;0;0;0;0;0;0;0;0;0;0;0;0;75
1379;75;0;0;0;0;0;0;0;0;0;0;0;0;0;0;0;0;0;0;0;0;0;0;75
1380;0;0;0;0;0;0;0;0;0;0;0;0;0;0;0;0;0;0;0;0;0;0;0;0
1381;0;0;0;0;0;0;0;0;0;0;0;0;0;0;0;0;0;0;0;0;0;0;0;0
1382;0;0;0;0;0;0;0;0;0;0;0;0;0;0;0;0;0;0;0;0;0;0;0;0
1383;0;0;0;0;0;0;0;0;0;0;0;0;0;0;0;0;0;0;0;0;0;0;0;0
1384;0;0;0;0;0;0;0;0;0;0;0;0;0;0;0;0;0;0;0;0;0;0;0;0
1385;0;0;0;0;0;0;0;0;0;0;0;0;0;0;0;0;0;0;0;0;0;0;0;0
1386;0;0;0;0;0;0;0;0;0;0;0;0;0;0;0;0;0;0;0;0;0;0;0;0
1387;0;0;0;0;0;0;0;0;0;0;0;0;0;0;0;0;0;0;0;0;0;0;0;0
1388;0;0;0;0;0;0;0;0;0;0;0;0;0;0;0;0;0;0;0;0;0;0;0;0
1389;0;0;0;0;0;0;0;0;0;0;0;0;0;0;0;0;0;0;0;0;0;0;0;0
1390;0;0;0;0;0;0;0;0;0;0;0;0;0;0;0;0;0;0;0;0;0;0;0;0
1391;0;0;0;0;0;0;0;0;0;0;0;0;0;0;0;0;0;0;0;0;0;0;0;0
1392;0;0;0;0;0;0;0;0;0;0;0;0;0;0;0;0;0;0;0;0;0;0;0;0
1393;0;0;0;0;0;0;0;0;0;0;0;0;0;0;0;0;0;0;0;0;0;0;0;0
1394;0;0;0;0;0;0;0;0;0;0;0;0;0;0;0;0;0;0;0;0;0;0;0;0
1395;0;0;0;0;0;0;0;0;0;0;0;0;0;0;0;0;0;0;0;0;0;0;0;0
1396;0;0;0;0;0;0;0;0;0;0;0;0;0;0;0;0;0;0;0;0;0;0;0;0
1397;0;0;0;0;0;0;0;0;0;0;0;0;0;0;0;0;0;0;0;0;0;0;0;0
1398;0;0;0;0;0;0;0;0;0;0;0;0;0;0;0;0;0;0;0;0;0;0;0;0
1399;0;0;0;0;0;0;0;0;0;0;0;0;0;0;0;0;0;0;0;0;0;0;0;0
1400;0;0;0;0;0;0;0;0;0;0;0;0;0;0;0;0;0;0;0;0;0;0;0;0
1401;0;0;0;0;0;0;0;0;0;0;0;0;0;0;0;0;0;0;0;0;0;0;0;0
1402;0;0;0;0;0;0;0;0;0;0;0;0;0;0;0;0;0;0;0;0;0;0;0;0
1403;0;0;0;0;0;0;0;0;0;0;0;0;0;0;0;0;0;0;0;0;0;0;0;0
1404;0;0;0;0;0;0;0;0;0;0;0;0;0;0;0;0;0;0;0;0;0;0;0;0
1405;0;0;0;0;0;0;0;0;0;0;0;0;0;0;0;0;0;0;0;0;0;0;0;0
1406;0;0;0;0;0;0;0;0;0;0;0;0;0;0;0;0;0;0;0;0;0;0;0;0
1407;0;0;0;0;0;0;0;0;0;0;0;0;0;0;0;0;0;0;0;0;0;0;0;0
1408;0;0;0;0;0;0;0;0;0;0;0;0;0;0;0;60;0;0;0;0;0;0;0;60
1409;0;0;0;0;0;0;0;0;0;0;0;0;0;0;0;60;0;0;0;0;0;0;0;60
1410;0;0;0;0;0;0;0;0;0;0;0;0;0;0;0;60;0;0;0;0;0;0;0;60
1411;0;0;0;0;0;0;0;0;0;0;0;0;0;0;0;60;0;0;0;0;0;0;0;60
1412;0;0;0;0;0;0;0;0;0;0;0;0;0;0;0;60;0;0;0;0;0;0;0;60
1413;0;0;0;0;0;0;0;0;0;0;0;0;0;0;0;60;0;0;0;0;0;0;0;60
1414;0;0;0;0;0;0;0;0;0;0;0;0;0;0;0;60;0;0;0;0;0;0;0;60
1415;0;0;0;0;0;0;0;0;0;0;0;0;0;0;0;0;0;0;0;0;0;0;0;0
1416;0;0;0;0;0;0;0;0;0;0;0;0;0;0;0;0;0;0;0;0;0;0;0;0
1417;0;0;0;0;0;0;0;0;0;0;0;0;0;0;0;0;0;0;0;0;0;0;0;0
1418;0;0;0;0;0;0;0;0;0;0;0;0;0;0;0;0;0;0;0;0;0;0;0;0
1419;0;0;0;0;0;0;0;0;0;0;0;0;0;0;0;0;0;0;0;0;0;0;0;0
1420;0;0;0;0;0;0;0;0;0;0;0;0;0;0;0;0;0;0;0;0;0;0;0;0
1421;0;0;0;0;0;0;0;0;0;0;0;0;0;0;0;0;0;0;0;0;0;0;0;0
1422;0;0;0;0;0;0;0;0;0;0;0;0;0;0;0;0;0;0;0;0;0;0;0;0
1423;0;0;0;0;0;0;0;0;0;0;0;0;0;0;0;0;0;0;0;0;0;0;0;0
1424;0;0;0;0;0;0;0;0;0;0;0;0;0;0;0;0;0;0;0;0;0;0;0;0
1425;0;0;0;0;0;0;0;0;0;0;0;0;0;0;0;0;0;0;0;0;0;0;0;0
1426;0;0;0;0;0;0;0;0;0;0;0;0;0;0;0;0;0;0;0;0;0;0;0;0
1427;0;0;0;0;0;0;0;0;0;0;0;0;0;0;0;0;0;0;0;0;0;0;0;0
1428;0;0;0;0;0;0;0;0;0;0;0;0;0;0;0;0;0;0;0;0;0;0;0;0
1429;0;0;0;0;0;0;0;0;0;0;0;0;0;0;0;0;0;0;0;0;0;0;0;0
1430;0;0;0;0;0;0;0;0;0;0;0;0;0;0;0;0;0;0;0;0;0;0;0;0
1431;0;0;0;0;0;0;0;0;0;0;0;0;0;0;0;0;0;0;0;0;0;0;0;0
1432;0;0;0;0;0;0;0;0;0;0;0;0;0;0;0;0;0;0;0;0;0;0;0;0
1433;0;0;0;0;0;0;0;0;0;0;0;0;0;0;0;0;0;0;0;0;0;0;0;0
1434;0;0;0;0;0;0;0;0;0;0;0;0;0;0;0;0;0;0;0;0;0;0;0;0
1435;0;0;0;0;0;0;0;0;0;0;0;0;0;0;0;0;0;0;0;0;0;0;0;0
1436;0;0;0;0;0;0;0;0;0;0;0;0;0;0;0;0;0;0;0;0;0;0;0;0
1437;0;0;0;0;0;0;0;0;0;0;0;0;0;0;0;0;0;0;0;0;0;0;0;0
1438;0;0;0;0;0;0;0;0;0;0;0;0;0;0;0;0;0;0;0;0;0;0;0;0
1439;0;0;0;0;0;0;0;0;0;0;0;0;0;0;0;0;0;0;0;0;0;0;0;0
