;Load_0;Load_1;Load_2;Load_3;Load_4;Load_5;Load_6;Load_7;Load_8;Load_9;Load_10;Load_11;Load_12
0;1681.606830315767;1681.606830315767;1681.606830315767;1681.606830315767;1681.606830315767;1681.606830315767;1681.606830315767;1681.606830315767;1681.606830315767;1681.606830315767;1681.606830315767;1681.606830315767;1681.606830315767
1;3633.208271603493;3633.208271603493;3633.208271603493;3633.208271603493;3633.208271603493;3633.208271603493;3633.208271603493;3633.208271603493;3633.208271603493;3633.208271603493;3633.208271603493;3633.208271603493;3633.208271603493
2;6958.541556011285;6958.541556011285;6958.541556011285;6958.541556011285;6958.541556011285;6958.541556011285;6958.541556011285;6958.541556011285;6958.541556011285;6958.541556011285;6958.541556011285;6958.541556011285;6958.541556011285
3;9287.73060249566;9287.73060249566;9287.73060249566;9287.73060249566;9287.73060249566;9287.73060249566;9287.73060249566;9287.73060249566;9287.73060249566;9287.73060249566;9287.73060249566;9287.73060249566;9287.73060249566
4;8866.58100733507;8866.58100733507;8866.58100733507;8866.58100733507;8866.58100733507;8866.58100733507;8866.58100733507;8866.58100733507;8866.58100733507;8866.58100733507;8866.58100733507;8866.58100733507;8866.58100733507
5;8378.705734157986;8378.705734157986;8378.705734157986;8378.705734157986;8378.705734157986;8378.705734157986;8378.705734157986;8378.705734157986;8378.705734157986;8378.705734157986;8378.705734157986;8378.705734157986;8378.705734157986
6;9669.340977560763;9669.340977560763;9669.340977560763;9669.340977560763;9669.340977560763;9669.340977560763;9669.340977560763;9669.340977560763;9669.340977560763;9669.340977560763;9669.340977560763;9669.340977560763;9669.340977560763
7;10456.286320225694;10456.286320225694;10456.286320225694;10456.286320225694;10456.286320225694;10456.286320225694;10456.286320225694;10456.286320225694;10456.286320225694;10456.286320225694;10456.286320225694;10456.286320225694;10456.286320225694
8;10189.840095225694;10189.840095225694;10189.840095225694;10189.840095225694;10189.840095225694;10189.840095225694;10189.840095225694;10189.840095225694;10189.840095225694;10189.840095225694;10189.840095225694;10189.840095225694;10189.840095225694
9;9716.225728298612;9716.225728298612;9716.225728298612;9716.225728298612;9716.225728298612;9716.225728298612;9716.225728298612;9716.225728298612;9716.225728298612;9716.225728298612;9716.225728298612;9716.225728298612;9716.225728298612
10;10483.851566536458;10483.851566536458;10483.851566536458;10483.851566536458;10483.851566536458;10483.851566536458;10483.851566536458;10483.851566536458;10483.851566536458;10483.851566536458;10483.851566536458;10483.851566536458;10483.851566536458
11;10958.192300496694;10958.192300496694;10958.192300496694;10958.192300496694;10958.192300496694;10958.192300496694;10958.192300496694;10958.192300496694;10958.192300496694;10958.192300496694;10958.192300496694;10958.192300496694;10958.192300496694
12;10198.808650451016;10198.808650451016;10198.808650451016;10198.808650451016;10198.808650451016;10198.808650451016;10198.808650451016;10198.808650451016;10198.808650451016;10198.808650451016;10198.808650451016;10198.808650451016;10198.808650451016
13;10130.454490668402;10130.454490668402;10130.454490668402;10130.454490668402;10130.454490668402;10130.454490668402;10130.454490668402;10130.454490668402;10130.454490668402;10130.454490668402;10130.454490668402;10130.454490668402;10130.454490668402
14;11134.408466102432;11134.408466102432;11134.408466102432;11134.408466102432;11134.408466102432;11134.408466102432;11134.408466102432;11134.408466102432;11134.408466102432;11134.408466102432;11134.408466102432;11134.408466102432;11134.408466102432
15;11384.757261414932;11384.757261414932;11384.757261414932;11384.757261414932;11384.757261414932;11384.757261414932;11384.757261414932;11384.757261414932;11384.757261414932;11384.757261414932;11384.757261414932;11384.757261414932;11384.757261414932
16;10694.256383506943;10694.256383506943;10694.256383506943;10694.256383506943;10694.256383506943;10694.256383506943;10694.256383506943;10694.256383506943;10694.256383506943;10694.256383506943;10694.256383506943;10694.256383506943;10694.256383506943
17;10827.67923689236;10827.67923689236;10827.67923689236;10827.67923689236;10827.67923689236;10827.67923689236;10827.67923689236;10827.67923689236;10827.67923689236;10827.67923689236;10827.67923689236;10827.67923689236;10827.67923689236
18;11524.297207595486;11524.297207595486;11524.297207595486;11524.297207595486;11524.297207595486;11524.297207595486;11524.297207595486;11524.297207595486;11524.297207595486;11524.297207595486;11524.297207595486;11524.297207595486;11524.297207595486
19;11028.481916493056;11028.481916493056;11028.481916493056;11028.481916493056;11028.481916493056;11028.481916493056;11028.481916493056;11028.481916493056;11028.481916493056;11028.481916493056;11028.481916493056;11028.481916493056;11028.481916493056
20;8897.458429470487;8897.458429470487;8897.458429470487;8897.458429470487;8897.458429470487;8897.458429470487;8897.458429470487;8897.458429470487;8897.458429470487;8897.458429470487;8897.458429470487;8897.458429470487;8897.458429470487
21;7601.891861979167;7601.891861979167;7601.891861979167;7601.891861979167;7601.891861979167;7601.891861979167;7601.891861979167;7601.891861979167;7601.891861979167;7601.891861979167;7601.891861979167;7601.891861979167;7601.891861979167
22;7463.777882090502;7463.777882090502;7463.777882090502;7463.777882090502;7463.777882090502;7463.777882090502;7463.777882090502;7463.777882090502;7463.777882090502;7463.777882090502;7463.777882090502;7463.777882090502;7463.777882090502
23;7253.111978202332;7253.111978202332;7253.111978202332;7253.111978202332;7253.111978202332;7253.111978202332;7253.111978202332;7253.111978202332;7253.111978202332;7253.111978202332;7253.111978202332;7253.111978202332;7253.111978202332
24;4851.4381601671;4851.4381601671;4851.4381601671;4851.4381601671;4851.4381601671;4851.4381601671;4851.4381601671;4851.4381601671;4851.4381601671;4851.4381601671;4851.4381601671;4851.4381601671;4851.4381601671
25;2876.8802613606767;2876.8802613606767;2876.8802613606767;2876.8802613606767;2876.8802613606767;2876.8802613606767;2876.8802613606767;2876.8802613606767;2876.8802613606767;2876.8802613606767;2876.8802613606767;2876.8802613606767;2876.8802613606767
26;1742.3316010687936;1742.3316010687936;1742.3316010687936;1742.3316010687936;1742.3316010687936;1742.3316010687936;1742.3316010687936;1742.3316010687936;1742.3316010687936;1742.3316010687936;1742.3316010687936;1742.3316010687936;1742.3316010687936
27;123.7762642827352;123.7762642827352;123.7762642827352;123.7762642827352;123.7762642827352;123.7762642827352;123.7762642827352;123.7762642827352;123.7762642827352;123.7762642827352;123.7762642827352;123.7762642827352;123.7762642827352
28;-2826.483434289551;-2826.483434289551;-2826.483434289551;-2826.483434289551;-2826.483434289551;-2826.483434289551;-2826.483434289551;-2826.483434289551;-2826.483434289551;-2826.483434289551;-2826.483434289551;-2826.483434289551;-2826.483434289551
29;-1881.2258404195152;-1881.2258404195152;-1881.2258404195152;-1881.2258404195152;-1881.2258404195152;-1881.2258404195152;-1881.2258404195152;-1881.2258404195152;-1881.2258404195152;-1881.2258404195152;-1881.2258404195152;-1881.2258404195152;-1881.2258404195152
30;-606.9611334506565;-606.9611334506565;-606.9611334506565;-606.9611334506565;-606.9611334506565;-606.9611334506565;-606.9611334506565;-606.9611334506565;-606.9611334506565;-606.9611334506565;-606.9611334506565;-606.9611334506565;-606.9611334506565
31;-537.6384568406846;-537.6384568406846;-537.6384568406846;-537.6384568406846;-537.6384568406846;-537.6384568406846;-537.6384568406846;-537.6384568406846;-537.6384568406846;-537.6384568406846;-537.6384568406846;-537.6384568406846;-537.6384568406846
32;-2026.3352308058;-2026.3352308058;-2026.3352308058;-2026.3352308058;-2026.3352308058;-2026.3352308058;-2026.3352308058;-2026.3352308058;-2026.3352308058;-2026.3352308058;-2026.3352308058;-2026.3352308058;-2026.3352308058
33;-3848.599373423425;-3848.599373423425;-3848.599373423425;-3848.599373423425;-3848.599373423425;-3848.599373423425;-3848.599373423425;-3848.599373423425;-3848.599373423425;-3848.599373423425;-3848.599373423425;-3848.599373423425;-3848.599373423425
34;-5009.85144949723;-5009.85144949723;-5009.85144949723;-5009.85144949723;-5009.85144949723;-5009.85144949723;-5009.85144949723;-5009.85144949723;-5009.85144949723;-5009.85144949723;-5009.85144949723;-5009.85144949723;-5009.85144949723
35;-6973.5911832682295;-6973.5911832682295;-6973.5911832682295;-6973.5911832682295;-6973.5911832682295;-6973.5911832682295;-6973.5911832682295;-6973.5911832682295;-6973.5911832682295;-6973.5911832682295;-6973.5911832682295;-6973.5911832682295;-6973.5911832682295
36;-9584.166223697915;-9584.166223697915;-9584.166223697915;-9584.166223697915;-9584.166223697915;-9584.166223697915;-9584.166223697915;-9584.166223697915;-9584.166223697915;-9584.166223697915;-9584.166223697915;-9584.166223697915;-9584.166223697915
37;-11691.123377039932;-11691.123377039932;-11691.123377039932;-11691.123377039932;-11691.123377039932;-11691.123377039932;-11691.123377039932;-11691.123377039932;-11691.123377039932;-11691.123377039932;-11691.123377039932;-11691.123377039932;-11691.123377039932
38;-12331.18963012153;-12331.18963012153;-12331.18963012153;-12331.18963012153;-12331.18963012153;-12331.18963012153;-12331.18963012153;-12331.18963012153;-12331.18963012153;-12331.18963012153;-12331.18963012153;-12331.18963012153;-12331.18963012153
39;-13971.970606119792;-13971.970606119792;-13971.970606119792;-13971.970606119792;-13971.970606119792;-13971.970606119792;-13971.970606119792;-13971.970606119792;-13971.970606119792;-13971.970606119792;-13971.970606119792;-13971.970606119792;-13971.970606119792
40;-18740.23509496528;-18740.23509496528;-18740.23509496528;-18740.23509496528;-18740.23509496528;-18740.23509496528;-18740.23509496528;-18740.23509496528;-18740.23509496528;-18740.23509496528;-18740.23509496528;-18740.23509496528;-18740.23509496528
41;-29320.106892881944;-29320.106892881944;-29320.106892881944;-29320.106892881944;-29320.106892881944;-29320.106892881944;-29320.106892881944;-29320.106892881944;-29320.106892881944;-29320.106892881944;-29320.106892881944;-29320.106892881944;-29320.106892881944
42;-29118.797699218747;-29118.797699218747;-29118.797699218747;-29118.797699218747;-29118.797699218747;-29118.797699218747;-29118.797699218747;-29118.797699218747;-29118.797699218747;-29118.797699218747;-29118.797699218747;-29118.797699218747;-29118.797699218747
43;-29431.72735807292;-29431.72735807292;-29431.72735807292;-29431.72735807292;-29431.72735807292;-29431.72735807292;-29431.72735807292;-29431.72735807292;-29431.72735807292;-29431.72735807292;-29431.72735807292;-29431.72735807292;-29431.72735807292
44;-30934.22275466817;-30934.22275466817;-30934.22275466817;-30934.22275466817;-30934.22275466817;-30934.22275466817;-30934.22275466817;-30934.22275466817;-30934.22275466817;-30934.22275466817;-30934.22275466817;-30934.22275466817;-30934.22275466817
45;-31495.67372971082;-31495.67372971082;-31495.67372971082;-31495.67372971082;-31495.67372971082;-31495.67372971082;-31495.67372971082;-31495.67372971082;-31495.67372971082;-31495.67372971082;-31495.67372971082;-31495.67372971082;-31495.67372971082
46;-30100.663447395837;-30100.663447395837;-30100.663447395837;-30100.663447395837;-30100.663447395837;-30100.663447395837;-30100.663447395837;-30100.663447395837;-30100.663447395837;-30100.663447395837;-30100.663447395837;-30100.663447395837;-30100.663447395837
47;-29463.77735815972;-29463.77735815972;-29463.77735815972;-29463.77735815972;-29463.77735815972;-29463.77735815972;-29463.77735815972;-29463.77735815972;-29463.77735815972;-29463.77735815972;-29463.77735815972;-29463.77735815972;-29463.77735815972
48;-29826.108882118053;-29826.108882118053;-29826.108882118053;-29826.108882118053;-29826.108882118053;-29826.108882118053;-29826.108882118053;-29826.108882118053;-29826.108882118053;-29826.108882118053;-29826.108882118053;-29826.108882118053;-29826.108882118053
49;-29812.564327864584;-29812.564327864584;-29812.564327864584;-29812.564327864584;-29812.564327864584;-29812.564327864584;-29812.564327864584;-29812.564327864584;-29812.564327864584;-29812.564327864584;-29812.564327864584;-29812.564327864584;-29812.564327864584
50;-28018.289351909723;-28018.289351909723;-28018.289351909723;-28018.289351909723;-28018.289351909723;-28018.289351909723;-28018.289351909723;-28018.289351909723;-28018.289351909723;-28018.289351909723;-28018.289351909723;-28018.289351909723;-28018.289351909723
51;-27426.43544175347;-27426.43544175347;-27426.43544175347;-27426.43544175347;-27426.43544175347;-27426.43544175347;-27426.43544175347;-27426.43544175347;-27426.43544175347;-27426.43544175347;-27426.43544175347;-27426.43544175347;-27426.43544175347
52;-27912.24289331597;-27912.24289331597;-27912.24289331597;-27912.24289331597;-27912.24289331597;-27912.24289331597;-27912.24289331597;-27912.24289331597;-27912.24289331597;-27912.24289331597;-27912.24289331597;-27912.24289331597;-27912.24289331597
53;-26870.62738046875;-26870.62738046875;-26870.62738046875;-26870.62738046875;-26870.62738046875;-26870.62738046875;-26870.62738046875;-26870.62738046875;-26870.62738046875;-26870.62738046875;-26870.62738046875;-26870.62738046875;-26870.62738046875
54;-23601.500141319448;-23601.500141319448;-23601.500141319448;-23601.500141319448;-23601.500141319448;-23601.500141319448;-23601.500141319448;-23601.500141319448;-23601.500141319448;-23601.500141319448;-23601.500141319448;-23601.500141319448;-23601.500141319448
55;-20753.6832663415;-20753.6832663415;-20753.6832663415;-20753.6832663415;-20753.6832663415;-20753.6832663415;-20753.6832663415;-20753.6832663415;-20753.6832663415;-20753.6832663415;-20753.6832663415;-20753.6832663415;-20753.6832663415
56;-20149.83650263636;-20149.83650263636;-20149.83650263636;-20149.83650263636;-20149.83650263636;-20149.83650263636;-20149.83650263636;-20149.83650263636;-20149.83650263636;-20149.83650263636;-20149.83650263636;-20149.83650263636;-20149.83650263636
57;-19343.01924192708;-19343.01924192708;-19343.01924192708;-19343.01924192708;-19343.01924192708;-19343.01924192708;-19343.01924192708;-19343.01924192708;-19343.01924192708;-19343.01924192708;-19343.01924192708;-19343.01924192708;-19343.01924192708
58;-16227.210966015626;-16227.210966015626;-16227.210966015626;-16227.210966015626;-16227.210966015626;-16227.210966015626;-16227.210966015626;-16227.210966015626;-16227.210966015626;-16227.210966015626;-16227.210966015626;-16227.210966015626;-16227.210966015626
59;-14127.278840581595;-14127.278840581595;-14127.278840581595;-14127.278840581595;-14127.278840581595;-14127.278840581595;-14127.278840581595;-14127.278840581595;-14127.278840581595;-14127.278840581595;-14127.278840581595;-14127.278840581595;-14127.278840581595
60;-13468.38177625868;-13468.38177625868;-13468.38177625868;-13468.38177625868;-13468.38177625868;-13468.38177625868;-13468.38177625868;-13468.38177625868;-13468.38177625868;-13468.38177625868;-13468.38177625868;-13468.38177625868;-13468.38177625868
61;-12072.342081684028;-12072.342081684028;-12072.342081684028;-12072.342081684028;-12072.342081684028;-12072.342081684028;-12072.342081684028;-12072.342081684028;-12072.342081684028;-12072.342081684028;-12072.342081684028;-12072.342081684028;-12072.342081684028
62;-8841.198114756944;-8841.198114756944;-8841.198114756944;-8841.198114756944;-8841.198114756944;-8841.198114756944;-8841.198114756944;-8841.198114756944;-8841.198114756944;-8841.198114756944;-8841.198114756944;-8841.198114756944;-8841.198114756944
63;-5580.330811523437;-5580.330811523437;-5580.330811523437;-5580.330811523437;-5580.330811523437;-5580.330811523437;-5580.330811523437;-5580.330811523437;-5580.330811523437;-5580.330811523437;-5580.330811523437;-5580.330811523437;-5580.330811523437
64;-3989.729479296875;-3989.729479296875;-3989.729479296875;-3989.729479296875;-3989.729479296875;-3989.729479296875;-3989.729479296875;-3989.729479296875;-3989.729479296875;-3989.729479296875;-3989.729479296875;-3989.729479296875;-3989.729479296875
65;-2902.802477897136;-2902.802477897136;-2902.802477897136;-2902.802477897136;-2902.802477897136;-2902.802477897136;-2902.802477897136;-2902.802477897136;-2902.802477897136;-2902.802477897136;-2902.802477897136;-2902.802477897136;-2902.802477897136
66;-409.0560930102053;-409.0560930102053;-409.0560930102053;-409.0560930102053;-409.0560930102053;-409.0560930102053;-409.0560930102053;-409.0560930102053;-409.0560930102053;-409.0560930102053;-409.0560930102053;-409.0560930102053;-409.0560930102053
67;396.4238615373577;396.4238615373577;396.4238615373577;396.4238615373577;396.4238615373577;396.4238615373577;396.4238615373577;396.4238615373577;396.4238615373577;396.4238615373577;396.4238615373577;396.4238615373577;396.4238615373577
68;474.6621688635932;474.6621688635932;474.6621688635932;474.6621688635932;474.6621688635932;474.6621688635932;474.6621688635932;474.6621688635932;474.6621688635932;474.6621688635932;474.6621688635932;474.6621688635932;474.6621688635932
69;367.3720975124783;367.3720975124783;367.3720975124783;367.3720975124783;367.3720975124783;367.3720975124783;367.3720975124783;367.3720975124783;367.3720975124783;367.3720975124783;367.3720975124783;367.3720975124783;367.3720975124783
70;315.3073025431315;315.3073025431315;315.3073025431315;315.3073025431315;315.3073025431315;315.3073025431315;315.3073025431315;315.3073025431315;315.3073025431315;315.3073025431315;315.3073025431315;315.3073025431315;315.3073025431315
71;230.9127171959771;230.9127171959771;230.9127171959771;230.9127171959771;230.9127171959771;230.9127171959771;230.9127171959771;230.9127171959771;230.9127171959771;230.9127171959771;230.9127171959771;230.9127171959771;230.9127171959771
72;218.35126744978163;218.35126744978163;218.35126744978163;218.35126744978163;218.35126744978163;218.35126744978163;218.35126744978163;218.35126744978163;218.35126744978163;218.35126744978163;218.35126744978163;218.35126744978163;218.35126744978163
73;159.35752053222657;159.35752053222657;159.35752053222657;159.35752053222657;159.35752053222657;159.35752053222657;159.35752053222657;159.35752053222657;159.35752053222657;159.35752053222657;159.35752053222657;159.35752053222657;159.35752053222657
74;624.141221289232;624.141221289232;624.141221289232;624.141221289232;624.141221289232;624.141221289232;624.141221289232;624.141221289232;624.141221289232;624.141221289232;624.141221289232;624.141221289232;624.141221289232
75;1257.3382168999565;1257.3382168999565;1257.3382168999565;1257.3382168999565;1257.3382168999565;1257.3382168999565;1257.3382168999565;1257.3382168999565;1257.3382168999565;1257.3382168999565;1257.3382168999565;1257.3382168999565;1257.3382168999565
76;504.3492453584459;504.3492453584459;504.3492453584459;504.3492453584459;504.3492453584459;504.3492453584459;504.3492453584459;504.3492453584459;504.3492453584459;504.3492453584459;504.3492453584459;504.3492453584459;504.3492453584459
77;32.291055555969514;32.291055555969514;32.291055555969514;32.291055555969514;32.291055555969514;32.291055555969514;32.291055555969514;32.291055555969514;32.291055555969514;32.291055555969514;32.291055555969514;32.291055555969514;32.291055555969514
78;9.233585491596209;9.233585491596209;9.233585491596209;9.233585491596209;9.233585491596209;9.233585491596209;9.233585491596209;9.233585491596209;9.233585491596209;9.233585491596209;9.233585491596209;9.233585491596209;9.233585491596209
79;1498.4016703618631;1498.4016703618631;1498.4016703618631;1498.4016703618631;1498.4016703618631;1498.4016703618631;1498.4016703618631;1498.4016703618631;1498.4016703618631;1498.4016703618631;1498.4016703618631;1498.4016703618631;1498.4016703618631
80;8854.221372265625;8854.221372265625;8854.221372265625;8854.221372265625;8854.221372265625;8854.221372265625;8854.221372265625;8854.221372265625;8854.221372265625;8854.221372265625;8854.221372265625;8854.221372265625;8854.221372265625
81;9131.520995399304;9131.520995399304;9131.520995399304;9131.520995399304;9131.520995399304;9131.520995399304;9131.520995399304;9131.520995399304;9131.520995399304;9131.520995399304;9131.520995399304;9131.520995399304;9131.520995399304
82;9909.979441753472;9909.979441753472;9909.979441753472;9909.979441753472;9909.979441753472;9909.979441753472;9909.979441753472;9909.979441753472;9909.979441753472;9909.979441753472;9909.979441753472;9909.979441753472;9909.979441753472
83;10666.428415711804;10666.428415711804;10666.428415711804;10666.428415711804;10666.428415711804;10666.428415711804;10666.428415711804;10666.428415711804;10666.428415711804;10666.428415711804;10666.428415711804;10666.428415711804;10666.428415711804
84;10252.303413064235;10252.303413064235;10252.303413064235;10252.303413064235;10252.303413064235;10252.303413064235;10252.303413064235;10252.303413064235;10252.303413064235;10252.303413064235;10252.303413064235;10252.303413064235;10252.303413064235
85;9537.947642317708;9537.947642317708;9537.947642317708;9537.947642317708;9537.947642317708;9537.947642317708;9537.947642317708;9537.947642317708;9537.947642317708;9537.947642317708;9537.947642317708;9537.947642317708;9537.947642317708
86;10136.078828081596;10136.078828081596;10136.078828081596;10136.078828081596;10136.078828081596;10136.078828081596;10136.078828081596;10136.078828081596;10136.078828081596;10136.078828081596;10136.078828081596;10136.078828081596;10136.078828081596
87;10811.637027300349;10811.637027300349;10811.637027300349;10811.637027300349;10811.637027300349;10811.637027300349;10811.637027300349;10811.637027300349;10811.637027300349;10811.637027300349;10811.637027300349;10811.637027300349;10811.637027300349
88;10053.520402430686;10053.520402430686;10053.520402430686;10053.520402430686;10053.520402430686;10053.520402430686;10053.520402430686;10053.520402430686;10053.520402430686;10053.520402430686;10053.520402430686;10053.520402430686;10053.520402430686
89;9806.60629579935;9806.60629579935;9806.60629579935;9806.60629579935;9806.60629579935;9806.60629579935;9806.60629579935;9806.60629579935;9806.60629579935;9806.60629579935;9806.60629579935;9806.60629579935;9806.60629579935
90;10523.591379600695;10523.591379600695;10523.591379600695;10523.591379600695;10523.591379600695;10523.591379600695;10523.591379600695;10523.591379600695;10523.591379600695;10523.591379600695;10523.591379600695;10523.591379600695;10523.591379600695
91;10139.251012673612;10139.251012673612;10139.251012673612;10139.251012673612;10139.251012673612;10139.251012673612;10139.251012673612;10139.251012673612;10139.251012673612;10139.251012673612;10139.251012673612;10139.251012673612;10139.251012673612
92;8882.059574739584;8882.059574739584;8882.059574739584;8882.059574739584;8882.059574739584;8882.059574739584;8882.059574739584;8882.059574739584;8882.059574739584;8882.059574739584;8882.059574739584;8882.059574739584;8882.059574739584
93;7274.927136349826;7274.927136349826;7274.927136349826;7274.927136349826;7274.927136349826;7274.927136349826;7274.927136349826;7274.927136349826;7274.927136349826;7274.927136349826;7274.927136349826;7274.927136349826;7274.927136349826
94;5516.446481467014;5516.446481467014;5516.446481467014;5516.446481467014;5516.446481467014;5516.446481467014;5516.446481467014;5516.446481467014;5516.446481467014;5516.446481467014;5516.446481467014;5516.446481467014;5516.446481467014
95;2931.578722623698;2931.578722623698;2931.578722623698;2931.578722623698;2931.578722623698;2931.578722623698;2931.578722623698;2931.578722623698;2931.578722623698;2931.578722623698;2931.578722623698;2931.578722623698;2931.578722623698
