;Electricity_Price_EUR_Wh;Feed_in_Tariff_EUR_Wh;PV_Power_W
0;0.00027198773700000005;8.160000000000003e-05;-0.17321805265449994
1;0.00027198773700000005;8.160000000000003e-05;0.01391424634
2;0.00027198773700000005;8.160000000000003e-05;0.008427584298333334
3;0.00027198773700000005;8.160000000000003e-05;-0.0006448636133333333
4;0.00027198773700000005;8.160000000000003e-05;0.004310602065999999
5;0.00027198773700000005;8.160000000000003e-05;0.0032676764249166663
6;0.00027198773700000005;8.160000000000003e-05;0.0017711330881666667
7;0.00027198773700000005;8.160000000000003e-05;0.0007486131708333327
8;0.00027198773700000005;8.160000000000003e-05;0.0011152795225
9;0.00027198773700000005;8.160000000000003e-05;-0.0034240758538333334
10;0.00027198773700000005;8.160000000000003e-05;-0.001289696153333334
11;0.00027198773700000005;8.160000000000003e-05;0.005368457870166666
12;0.00027198773700000005;8.160000000000003e-05;0.001312148049999999
13;0.00027198773700000005;8.160000000000003e-05;0.004729804301666666
14;0.00027198773700000005;8.160000000000003e-05;0.002484943834999999
15;0.00027198773700000005;8.160000000000003e-05;0.0007286203145000007
16;0.00027198773700000005;8.160000000000003e-05;-0.0030547900884333335
17;0.00027198773700000005;8.160000000000003e-05;-0.005216097161333334
18;0.00027198773700000005;8.160000000000003e-05;-0.0004452034399999999
19;0.00027198773700000005;8.160000000000003e-05;-0.0012198542077499993
20;0.00027198773700000005;8.160000000000003e-05;0.0014232061571666662
21;0.00027198773700000005;8.160000000000003e-05;-0.0038081837158333324
22;0.00027198773700000005;8.160000000000003e-05;0.007893603268166665
23;0.00027198773700000005;8.160000000000003e-05;-0.001832632673333333
24;0.00027198773700000005;8.160000000000003e-05;-0.0066703667375
25;0.00027198773700000005;8.160000000000003e-05;0.00040157037999999996
26;0.00027198773700000005;8.160000000000003e-05;0.004104143005
27;0.00027198773700000005;8.160000000000003e-05;-0.003318627600333333
28;0.00027198773700000005;8.160000000000003e-05;0.0021591555676666653
29;0.00027198773700000005;8.160000000000003e-05;-0.0034197162763333335
30;0.00027198773700000005;8.160000000000003e-05;-0.008749147771666665
31;0.00027198773700000005;8.160000000000003e-05;0.007749658823333333
32;0.00027198773700000005;8.160000000000003e-05;0.007905811716666666
33;0.00027198773700000005;8.160000000000003e-05;0.011723296975
34;0.00027198773700000005;8.160000000000003e-05;0.0019792185049999993
35;0.00027198773700000005;8.160000000000003e-05;0.0001747259871666671
36;0.00027198773700000005;8.160000000000003e-05;-0.00038310695
37;0.00027198773700000005;8.160000000000003e-05;0.011866927617666667
38;0.00027198773700000005;8.160000000000003e-05;-0.003456442591666667
39;0.00027198773700000005;8.160000000000003e-05;0.008384711016666666
40;0.00027198773700000005;8.160000000000003e-05;0.009233704478783333
41;0.00027198773700000005;8.160000000000003e-05;0.010164690948333333
42;0.00027198773700000005;8.160000000000003e-05;0.010475659541666665
43;0.00027198773700000005;8.160000000000003e-05;0.0052317418166666655
44;0.00027198773700000005;8.160000000000003e-05;0.017650148283333333
45;0.00027198773700000005;8.160000000000003e-05;0.006582837945
46;0.00027198773700000005;8.160000000000003e-05;0.0123102543387
47;0.00027198773700000005;8.160000000000003e-05;0.008516207154833333
48;0.00027198773700000005;8.160000000000003e-05;0.010904109312999998
49;0.00027198773700000005;8.160000000000003e-05;0.01761151447666667
50;0.00027198773700000005;8.160000000000003e-05;0.009506684954166667
51;0.00027198773700000005;8.160000000000003e-05;0.009823955978333333
52;0.00027198773700000005;8.160000000000003e-05;0.012552998522333334
53;0.00027198773700000005;8.160000000000003e-05;0.016521623896666667
54;0.00027198773700000005;8.160000000000003e-05;0.011032696803333332
55;0.00027198773700000005;8.160000000000003e-05;0.022084293905066662
56;0.00027198773700000005;8.160000000000003e-05;0.016569426945
57;0.00027198773700000005;8.160000000000003e-05;0.011294364371666666
58;0.00027198773700000005;8.160000000000003e-05;0.013927668265999999
59;0.00027198773700000005;8.160000000000003e-05;0.0166337148305
60;0.000267316775;8.160000000000003e-05;0.008980824362666668
61;0.000267316775;8.160000000000003e-05;0.011983103918333333
62;0.000267316775;8.160000000000003e-05;0.020436494269000002
63;0.000267316775;8.160000000000003e-05;0.023222498953333337
64;0.000267316775;8.160000000000003e-05;0.021294247770000004
65;0.000267316775;8.160000000000003e-05;0.028249699241666665
66;0.000267316775;8.160000000000003e-05;0.02008417930733333
67;0.000267316775;8.160000000000003e-05;0.015829420375833337
68;0.000267316775;8.160000000000003e-05;0.022109205657500002
69;0.000267316775;8.160000000000003e-05;0.019054876135
70;0.000267316775;8.160000000000003e-05;0.020686771468333334
71;0.000267316775;8.160000000000003e-05;0.025351943718333332
72;0.000267316775;8.160000000000003e-05;0.03777348739999999
73;0.000267316775;8.160000000000003e-05;0.029287994239
74;0.000267316775;8.160000000000003e-05;0.033426032388
75;0.000267316775;8.160000000000003e-05;0.032881100455166665
76;0.000267316775;8.160000000000003e-05;0.023293671253833338
77;0.000267316775;8.160000000000003e-05;0.02745321551833333
78;0.000267316775;8.160000000000003e-05;0.028453107333733334
79;0.000267316775;8.160000000000003e-05;0.024353440403333336
80;0.000267316775;8.160000000000003e-05;0.028278299248333336
81;0.000267316775;8.160000000000003e-05;0.03443045286433333
82;0.000267316775;8.160000000000003e-05;0.04849898478166667
83;0.000267316775;8.160000000000003e-05;0.030122458083900003
84;0.000267316775;8.160000000000003e-05;0.04589650457666668
85;0.000267316775;8.160000000000003e-05;0.05024089237666666
86;0.000267316775;8.160000000000003e-05;0.048643200080000004
87;0.000267316775;8.160000000000003e-05;0.03997801235008334
88;0.000267316775;8.160000000000003e-05;0.038016372597666666
89;0.000267316775;8.160000000000003e-05;0.04329311332266667
90;0.000267316775;8.160000000000003e-05;0.04291215256166667
91;0.000267316775;8.160000000000003e-05;0.05146274489483334
92;0.000267316775;8.160000000000003e-05;0.05726997866333334
93;0.000267316775;8.160000000000003e-05;0.05352242113666667
94;0.000267316775;8.160000000000003e-05;0.05569693868399999
95;0.000267316775;8.160000000000003e-05;0.055368138983333336
96;0.000267316775;8.160000000000003e-05;0.0525711535
97;0.000267316775;8.160000000000003e-05;0.06208409517999999
98;0.000267316775;8.160000000000003e-05;0.062433327984999995
99;0.000267316775;8.160000000000003e-05;0.052536594815
100;0.000267316775;8.160000000000003e-05;0.05613697656499999
101;0.000267316775;8.160000000000003e-05;0.05302687198666667
102;0.000267316775;8.160000000000003e-05;0.06542126706666666
103;0.000267316775;8.160000000000003e-05;0.07532516765349999
104;0.000267316775;8.160000000000003e-05;0.07450774764833334
105;0.000267316775;8.160000000000003e-05;0.07546693373333331
106;0.000267316775;8.160000000000003e-05;0.06956537665333332
107;0.000267316775;8.160000000000003e-05;0.07295922801666667
108;0.000267316775;8.160000000000003e-05;0.06819543850666666
109;0.000267316775;8.160000000000003e-05;0.07549832757333334
110;0.000267316775;8.160000000000003e-05;0.07529985601283332
111;0.000267316775;8.160000000000003e-05;0.07366394268333334
112;0.000267316775;8.160000000000003e-05;0.07631367069999999
113;0.000267316775;8.160000000000003e-05;0.09980376558333331
114;0.000267316775;8.160000000000003e-05;0.09265031045166669
115;0.000267316775;8.160000000000003e-05;0.08890275249166665
116;0.000267316775;8.160000000000003e-05;0.09214812178333333
117;0.000267316775;8.160000000000003e-05;0.08693787916666666
118;0.000267316775;8.160000000000003e-05;0.08027859678333331
119;0.000267316775;8.160000000000003e-05;0.09390164668333334
120;0.0002644284650000001;8.160000000000003e-05;0.09072981784999999
121;0.0002644284650000001;8.160000000000003e-05;0.08672182479333333
122;0.0002644284650000001;8.160000000000003e-05;0.09467498748333333
123;0.0002644284650000001;8.160000000000003e-05;0.10865507754999999
124;0.0002644284650000001;8.160000000000003e-05;0.10286760171666666
125;0.0002644284650000001;8.160000000000003e-05;0.11083470926666666
126;0.0002644284650000001;8.160000000000003e-05;0.11303221783333335
127;0.0002644284650000001;8.160000000000003e-05;0.11086308648333333
128;0.0002644284650000001;8.160000000000003e-05;0.10780096768333335
129;0.0002644284650000001;8.160000000000003e-05;0.11894789855
130;0.0002644284650000001;8.160000000000003e-05;0.11313125066666664
131;0.0002644284650000001;8.160000000000003e-05;0.11374623051666669
132;0.0002644284650000001;8.160000000000003e-05;0.11078468616666665
133;0.0002644284650000001;8.160000000000003e-05;0.12378184146666668
134;0.0002644284650000001;8.160000000000003e-05;0.14075372450000004
135;0.0002644284650000001;8.160000000000003e-05;0.13508126038333332
136;0.0002644284650000001;8.160000000000003e-05;0.13683373940000002
137;0.0002644284650000001;8.160000000000003e-05;0.13623400810000003
138;0.0002644284650000001;8.160000000000003e-05;0.13662459816666667
139;0.0002644284650000001;8.160000000000003e-05;0.13547828885
140;0.0002644284650000001;8.160000000000003e-05;0.13560086765
141;0.0002644284650000001;8.160000000000003e-05;0.13841265485
142;0.0002644284650000001;8.160000000000003e-05;0.13807070923333334
143;0.0002644284650000001;8.160000000000003e-05;0.14819106936666668
144;0.0002644284650000001;8.160000000000003e-05;0.1687713546666667
145;0.0002644284650000001;8.160000000000003e-05;0.1664434318333333
146;0.0002644284650000001;8.160000000000003e-05;0.16541175488333332
147;0.0002644284650000001;8.160000000000003e-05;0.16728829674999995
148;0.0002644284650000001;8.160000000000003e-05;0.16217864601666668
149;0.0002644284650000001;8.160000000000003e-05;0.1630857791666667
150;0.0002644284650000001;8.160000000000003e-05;0.15850346615000002
151;0.0002644284650000001;8.160000000000003e-05;0.15843221175000002
152;0.0002644284650000001;8.160000000000003e-05;0.1597468078333333
153;0.0002644284650000001;8.160000000000003e-05;0.17430072875000002
154;0.0002644284650000001;8.160000000000003e-05;0.20475875789999998
155;0.0002644284650000001;8.160000000000003e-05;0.19256026016666666
156;0.0002644284650000001;8.160000000000003e-05;0.19404616683333334
157;0.0002644284650000001;8.160000000000003e-05;0.19374817716666665
158;0.0002644284650000001;8.160000000000003e-05;0.19357977716666666
159;0.0002644284650000001;8.160000000000003e-05;0.18877488666666664
160;0.0002644284650000001;8.160000000000003e-05;0.19135782040000002
161;0.0002644284650000001;8.160000000000003e-05;0.195531904
162;0.0002644284650000001;8.160000000000003e-05;0.18603717666666672
163;0.0002644284650000001;8.160000000000003e-05;0.18447425399999998
164;0.0002644284650000001;8.160000000000003e-05;0.21952364750000003
165;0.0002644284650000001;8.160000000000003e-05;0.2280907778333333
166;0.0002644284650000001;8.160000000000003e-05;0.23192485633333332
167;0.0002644284650000001;8.160000000000003e-05;0.22154389324999996
168;0.0002644284650000001;8.160000000000003e-05;0.23305308749999998
169;0.0002644284650000001;8.160000000000003e-05;0.23269710066666663
170;0.0002644284650000001;8.160000000000003e-05;0.22395639866666667
171;0.0002644284650000001;8.160000000000003e-05;0.2297741013333333
172;0.0002644284650000001;8.160000000000003e-05;0.22235625583333335
173;0.0002644284650000001;8.160000000000003e-05;0.230679068
174;0.0002644284650000001;8.160000000000003e-05;0.25835783533333334
175;0.0002644284650000001;8.160000000000003e-05;0.2634847536666666
176;0.0002644284650000001;8.160000000000003e-05;0.2606657666666667
177;0.0002644284650000001;8.160000000000003e-05;0.25871776966666665
178;0.0002644284650000001;8.160000000000003e-05;0.26379693200000004
179;0.0002644284650000001;8.160000000000003e-05;0.2542428923333333
180;0.000263938316;8.160000000000003e-05;0.26822840466666664
181;0.000263938316;8.160000000000003e-05;0.260776605
182;0.000263938316;8.160000000000003e-05;0.25865592583333336
183;0.000263938316;8.160000000000003e-05;0.26164207149999996
184;0.000263938316;8.160000000000003e-05;0.2821438446666667
185;0.000263938316;8.160000000000003e-05;0.2999688794999999
186;0.000263938316;8.160000000000003e-05;0.30662883816666664
187;0.000263938316;8.160000000000003e-05;0.30256326283333335
188;0.000263938316;8.160000000000003e-05;0.31243158083333333
189;0.000263938316;8.160000000000003e-05;0.3021837463333333
190;0.000263938316;8.160000000000003e-05;0.3079288173333333
191;0.000263938316;8.160000000000003e-05;0.30345248966666666
192;0.000263938316;8.160000000000003e-05;0.3117710723333334
193;0.000263938316;8.160000000000003e-05;0.3044970286666666
194;0.000263938316;8.160000000000003e-05;0.3112512243333334
195;0.000263938316;8.160000000000003e-05;0.34572457216666674
196;0.000263938316;8.160000000000003e-05;0.3443712526666667
197;0.000263938316;8.160000000000003e-05;0.3463712988333333
198;0.000263938316;8.160000000000003e-05;0.348845836
199;0.000263938316;8.160000000000003e-05;0.35138954299999997
200;0.000263938316;8.160000000000003e-05;0.3498277371666667
201;0.000263938316;8.160000000000003e-05;0.34918891883333336
202;0.000263938316;8.160000000000003e-05;0.3461629236666666
203;0.000263938316;8.160000000000003e-05;0.3565212188333334
204;0.000263938316;8.160000000000003e-05;0.345542876
205;0.000263938316;8.160000000000003e-05;0.3878922988333333
206;0.000263938316;8.160000000000003e-05;0.3991692195
207;0.000263938316;8.160000000000003e-05;0.3941726896666667
208;0.000263938316;8.160000000000003e-05;0.39415109733333337
209;0.000263938316;8.160000000000003e-05;0.3925190305
210;0.000263938316;8.160000000000003e-05;0.39437911200000003
211;0.000263938316;8.160000000000003e-05;0.4039132553333334
212;0.000263938316;8.160000000000003e-05;0.3998957256666667
213;0.000263938316;8.160000000000003e-05;0.39671779383333333
214;0.000263938316;8.160000000000003e-05;0.40163973983333334
215;0.000263938316;8.160000000000003e-05;0.5551787373333333
216;0.000263938316;8.160000000000003e-05;0.6167966368333334
217;0.000263938316;8.160000000000003e-05;0.6208579021666668
218;0.000263938316;8.160000000000003e-05;0.6121909773333332
219;0.000263938316;8.160000000000003e-05;0.6129092378333333
220;0.000263938316;8.160000000000003e-05;0.6213232765
221;0.000263938316;8.160000000000003e-05;0.6178324103333334
222;0.000263938316;8.160000000000003e-05;0.6189237613333333
223;0.000263938316;8.160000000000003e-05;0.6185601608333332
224;0.000263938316;8.160000000000003e-05;0.6185210996666667
225;0.000263938316;8.160000000000003e-05;0.7517597381666666
226;0.000263938316;8.160000000000003e-05;0.9231584545
227;0.000263938316;8.160000000000003e-05;0.9238731111666668
228;0.000263938316;8.160000000000003e-05;0.9244433190000001
229;0.000263938316;8.160000000000003e-05;0.9283749096666668
230;0.000263938316;8.160000000000003e-05;0.9302511028333335
231;0.000263938316;8.160000000000003e-05;0.9201672088333335
232;0.000263938316;8.160000000000003e-05;0.9193538296666666
233;0.000263938316;8.160000000000003e-05;0.9174033593333335
234;0.000263938316;8.160000000000003e-05;0.9186544003333332
235;0.000263938316;8.160000000000003e-05;1.7420243063333334
236;0.000263938316;8.160000000000003e-05;5.17396056
237;0.000263938316;8.160000000000003e-05;5.173783926666668
238;0.000263938316;8.160000000000003e-05;5.175521606666668
239;0.000263938316;8.160000000000003e-05;5.1756757900000006
240;0.000268387807;8.160000000000003e-05;5.168964735
241;0.000268387807;8.160000000000003e-05;5.166361431666668
242;0.000268387807;8.160000000000003e-05;5.17114571
243;0.000268387807;8.160000000000003e-05;5.166997085000001
244;0.000268387807;8.160000000000003e-05;5.173201855
245;0.000268387807;8.160000000000003e-05;5.17162418
246;0.000268387807;8.160000000000003e-05;15.115956455
247;0.000268387807;8.160000000000003e-05;15.7871152
248;0.000268387807;8.160000000000003e-05;15.784736591666666
249;0.000268387807;8.160000000000003e-05;15.787565116666666
250;0.000268387807;8.160000000000003e-05;15.790238675
251;0.000268387807;8.160000000000003e-05;15.792949700000001
252;0.000268387807;8.160000000000003e-05;15.791951583333335
253;0.000268387807;8.160000000000003e-05;15.797357575
254;0.000268387807;8.160000000000003e-05;15.791806008333333
255;0.000268387807;8.160000000000003e-05;15.795981041666668
256;0.000268387807;8.160000000000003e-05;27.257085775000004
257;0.000268387807;8.160000000000003e-05;32.52449968333333
258;0.000268387807;8.160000000000003e-05;32.53302576666666
259;0.000268387807;8.160000000000003e-05;32.5243495
260;0.000268387807;8.160000000000003e-05;32.51994403333334
261;0.000268387807;8.160000000000003e-05;32.52561121666667
262;0.000268387807;8.160000000000003e-05;32.531009366666666
263;0.000268387807;8.160000000000003e-05;32.52592706666666
264;0.000268387807;8.160000000000003e-05;32.52215863333334
265;0.000268387807;8.160000000000003e-05;32.526324683333335
266;0.000268387807;8.160000000000003e-05;44.68584015
267;0.000268387807;8.160000000000003e-05;60.57506998333334
268;0.000268387807;8.160000000000003e-05;60.570442766666666
269;0.000268387807;8.160000000000003e-05;60.564071549999994
270;0.000268387807;8.160000000000003e-05;60.56865205
271;0.000268387807;8.160000000000003e-05;60.576681350000015
272;0.000268387807;8.160000000000003e-05;60.57276690000001
273;0.000268387807;8.160000000000003e-05;60.578104083333336
274;0.000268387807;8.160000000000003e-05;60.56867515
275;0.000268387807;8.160000000000003e-05;60.572955050000004
276;0.000268387807;8.160000000000003e-05;67.46049151666666
277;0.000268387807;8.160000000000003e-05;98.84162253333334
278;0.000268387807;8.160000000000003e-05;98.83711333333333
279;0.000268387807;8.160000000000003e-05;98.84096176666667
280;0.000268387807;8.160000000000003e-05;98.83708311666668
281;0.000268387807;8.160000000000003e-05;98.84352800000002
282;0.000268387807;8.160000000000003e-05;98.83870876666667
283;0.000268387807;8.160000000000003e-05;98.83880798333334
284;0.000268387807;8.160000000000003e-05;98.84177701666665
285;0.000268387807;8.160000000000003e-05;98.84309251666666
286;0.000268387807;8.160000000000003e-05;98.84270708333332
287;0.000268387807;8.160000000000003e-05;151.72250133333333
288;0.000268387807;8.160000000000003e-05;155.86783583333334
289;0.000268387807;8.160000000000003e-05;155.8722736666667
290;0.000268387807;8.160000000000003e-05;155.87354366666662
291;0.000268387807;8.160000000000003e-05;155.8718268333333
292;0.000268387807;8.160000000000003e-05;155.8718036666666
293;0.000268387807;8.160000000000003e-05;155.87331450000002
294;0.000268387807;8.160000000000003e-05;155.87327666666667
295;0.000268387807;8.160000000000003e-05;155.87651516666665
296;0.000268387807;8.160000000000003e-05;155.86787216666664
297;0.000268387807;8.160000000000003e-05;216.31979499999997
298;0.000268387807;8.160000000000003e-05;245.41245116666667
299;0.000268387807;8.160000000000003e-05;245.40470549999998
300;0.00028372136499999997;8.160000000000003e-05;245.40016616666668
301;0.00028372136499999997;8.160000000000003e-05;245.4078356666667
302;0.00028372136499999997;8.160000000000003e-05;245.4112556666667
303;0.00028372136499999997;8.160000000000003e-05;245.39926916666667
304;0.00028372136499999997;8.160000000000003e-05;245.40878883333335
305;0.00028372136499999997;8.160000000000003e-05;245.4101776666667
306;0.00028372136499999997;8.160000000000003e-05;245.4094478333333
307;0.00028372136499999997;8.160000000000003e-05;277.321189
308;0.00028372136499999997;8.160000000000003e-05;320.87307133333337
309;0.00028372136499999997;8.160000000000003e-05;320.8828041666667
310;0.00028372136499999997;8.160000000000003e-05;320.8748591666666
311;0.00028372136499999997;8.160000000000003e-05;320.87517116666663
312;0.00028372136499999997;8.160000000000003e-05;320.8777153333333
313;0.00028372136499999997;8.160000000000003e-05;320.87577516666676
314;0.00028372136499999997;8.160000000000003e-05;320.8691268333334
315;0.00028372136499999997;8.160000000000003e-05;320.87850466666663
316;0.00028372136499999997;8.160000000000003e-05;320.86930483333333
317;0.00028372136499999997;8.160000000000003e-05;336.1873651666668
318;0.00028372136499999997;8.160000000000003e-05;410.5862213333333
319;0.00028372136499999997;8.160000000000003e-05;410.58633033333336
320;0.00028372136499999997;8.160000000000003e-05;410.58672800000005
321;0.00028372136499999997;8.160000000000003e-05;410.5859251666667
322;0.00028372136499999997;8.160000000000003e-05;410.5915051666667
323;0.00028372136499999997;8.160000000000003e-05;410.58710433333334
324;0.00028372136499999997;8.160000000000003e-05;410.587123
325;0.00028372136499999997;8.160000000000003e-05;410.5724038333334
326;0.00028372136499999997;8.160000000000003e-05;410.5887001666667
327;0.00028372136499999997;8.160000000000003e-05;410.58787033333334
328;0.00028372136499999997;8.160000000000003e-05;532.3870323333334
329;0.00028372136499999997;8.160000000000003e-05;543.1768744999999
330;0.00028372136499999997;8.160000000000003e-05;543.1825231666667
331;0.00028372136499999997;8.160000000000003e-05;543.1766363333332
332;0.00028372136499999997;8.160000000000003e-05;543.1786605
333;0.00028372136499999997;8.160000000000003e-05;543.1878643333333
334;0.00028372136499999997;8.160000000000003e-05;543.1839343333332
335;0.00028372136499999997;8.160000000000003e-05;543.1864033333334
336;0.00028372136499999997;8.160000000000003e-05;543.183306
337;0.00028372136499999997;8.160000000000003e-05;543.1855383333334
338;0.00028372136499999997;8.160000000000003e-05;643.761688
339;0.00028372136499999997;8.160000000000003e-05;694.0399145
340;0.00028372136499999997;8.160000000000003e-05;694.0426186666665
341;0.00028372136499999997;8.160000000000003e-05;694.0443763333335
342;0.00028372136499999997;8.160000000000003e-05;694.0374865
343;0.00028372136499999997;8.160000000000003e-05;694.0378748333333
344;0.00028372136499999997;8.160000000000003e-05;694.0450901666667
345;0.00028372136499999997;8.160000000000003e-05;694.0477636666667
346;0.00028372136499999997;8.160000000000003e-05;694.0422323333333
347;0.00028372136499999997;8.160000000000003e-05;694.03436
348;0.00028372136499999997;8.160000000000003e-05;752.2458991666666
349;0.00028372136499999997;8.160000000000003e-05;834.60792
350;0.00028372136499999997;8.160000000000003e-05;834.6090445000001
351;0.00028372136499999997;8.160000000000003e-05;834.598757
352;0.00028372136499999997;8.160000000000003e-05;834.610492
353;0.00028372136499999997;8.160000000000003e-05;834.6084819999999
354;0.00028372136499999997;8.160000000000003e-05;834.6102598333332
355;0.00028372136499999997;8.160000000000003e-05;834.5989138333332
356;0.00028372136499999997;8.160000000000003e-05;834.6019984999999
357;0.00028372136499999997;8.160000000000003e-05;834.5995664999999
358;0.00028372136499999997;8.160000000000003e-05;860.7304166666667
359;0.00028372136499999997;8.160000000000003e-05;996.8637838333333
360;0.000301757103;8.160000000000003e-05;1134.6998238333335
361;0.000301757103;8.160000000000003e-05;1147.5702833333335
362;0.000301757103;8.160000000000003e-05;1147.5721866666668
363;0.000301757103;8.160000000000003e-05;1147.5793083333333
364;0.000301757103;8.160000000000003e-05;1147.57694
365;0.000301757103;8.160000000000003e-05;1147.5682483333333
366;0.000301757103;8.160000000000003e-05;1147.5695633333332
367;0.000301757103;8.160000000000003e-05;1147.5778816666668
368;0.000301757103;8.160000000000003e-05;1147.5717533333332
369;0.000301757103;8.160000000000003e-05;1147.5693516666665
370;0.000301757103;8.160000000000003e-05;1281.12578
371;0.000301757103;8.160000000000003e-05;1350.0416983333337
372;0.000301757103;8.160000000000003e-05;1350.0494333333336
373;0.000301757103;8.160000000000003e-05;1350.0465916666667
374;0.000301757103;8.160000000000003e-05;1350.0474366666667
375;0.000301757103;8.160000000000003e-05;1350.0479349999998
376;0.000301757103;8.160000000000003e-05;1350.0434649999997
377;0.000301757103;8.160000000000003e-05;1350.0490883333334
378;0.000301757103;8.160000000000003e-05;1350.0422766666668
379;0.000301757103;8.160000000000003e-05;1350.0477483333332
380;0.000301757103;8.160000000000003e-05;1456.6760766666666
381;0.000301757103;8.160000000000003e-05;1612.3188100000002
382;0.000301757103;8.160000000000003e-05;1612.3162416666667
383;0.000301757103;8.160000000000003e-05;1612.3262366666668
384;0.000301757103;8.160000000000003e-05;1612.3295683333336
385;0.000301757103;8.160000000000003e-05;1612.323355
386;0.000301757103;8.160000000000003e-05;1612.3260233333335
387;0.000301757103;8.160000000000003e-05;1612.3306466666666
388;0.000301757103;8.160000000000003e-05;1612.3245983333334
389;0.000301757103;8.160000000000003e-05;1612.3227350000002
390;0.000301757103;8.160000000000003e-05;1651.122731666667
391;0.000301757103;8.160000000000003e-05;1864.9686833333333
392;0.000301757103;8.160000000000003e-05;1864.9700000000003
393;0.000301757103;8.160000000000003e-05;1864.9762766666668
394;0.000301757103;8.160000000000003e-05;1864.97708
395;0.000301757103;8.160000000000003e-05;1864.9678533333333
396;0.000301757103;8.160000000000003e-05;1864.97668
397;0.000301757103;8.160000000000003e-05;1864.9711333333337
398;0.000301757103;8.160000000000003e-05;1864.9762666666668
399;0.000301757103;8.160000000000003e-05;1864.9631583333332
400;0.000301757103;8.160000000000003e-05;1864.9732333333336
401;0.000301757103;8.160000000000003e-05;2067.0226383333334
402;0.000301757103;8.160000000000003e-05;2089.0660583333333
403;0.000301757103;8.160000000000003e-05;2089.0681733333336
404;0.000301757103;8.160000000000003e-05;2089.0671233333333
405;0.000301757103;8.160000000000003e-05;2089.080903333333
406;0.000301757103;8.160000000000003e-05;2089.06482
407;0.000301757103;8.160000000000003e-05;2089.06574
408;0.000301757103;8.160000000000003e-05;2089.06909
409;0.000301757103;8.160000000000003e-05;2089.0730066666665
410;0.000301757103;8.160000000000003e-05;2089.0664283333335
411;0.000301757103;8.160000000000003e-05;2252.8491916666662
412;0.000301757103;8.160000000000003e-05;2341.4866716666666
413;0.000301757103;8.160000000000003e-05;2341.477946666667
414;0.000301757103;8.160000000000003e-05;2341.4879616666667
415;0.000301757103;8.160000000000003e-05;2341.479603333333
416;0.000301757103;8.160000000000003e-05;2341.4897899999996
417;0.000301757103;8.160000000000003e-05;2341.4831150000005
418;0.000301757103;8.160000000000003e-05;2341.4918650000004
419;0.000301757103;8.160000000000003e-05;2341.489676666666
420;0.00031539870800000004;8.160000000000003e-05;2341.487236666667
421;0.00031539870800000004;8.160000000000003e-05;2440.0884716666674
422;0.00031539870800000004;8.160000000000003e-05;2590.214723333333
423;0.00031539870800000004;8.160000000000003e-05;2590.210441666667
424;0.00031539870800000004;8.160000000000003e-05;2590.216096666666
425;0.00031539870800000004;8.160000000000003e-05;2590.211545
426;0.00031539870800000004;8.160000000000003e-05;2590.21476
427;0.00031539870800000004;8.160000000000003e-05;2590.2205200000003
428;0.00031539870800000004;8.160000000000003e-05;2590.213976666666
429;0.00031539870800000004;8.160000000000003e-05;2590.2133683333327
430;0.00031539870800000004;8.160000000000003e-05;2590.213278333333
431;0.00031539870800000004;8.160000000000003e-05;2628.4777616666665
432;0.00031539870800000004;8.160000000000003e-05;2855.9426416666665
433;0.00031539870800000004;8.160000000000003e-05;2855.9493816666663
434;0.00031539870800000004;8.160000000000003e-05;2855.9427166666665
435;0.00031539870800000004;8.160000000000003e-05;2855.9487933333335
436;0.00031539870800000004;8.160000000000003e-05;2855.9493316666662
437;0.00031539870800000004;8.160000000000003e-05;2855.9411733333327
438;0.00031539870800000004;8.160000000000003e-05;2855.9478549999994
439;0.00031539870800000004;8.160000000000003e-05;2855.9499166666665
440;0.00031539870800000004;8.160000000000003e-05;2855.940828333333
441;0.00031539870800000004;8.160000000000003e-05;2855.942673333333
442;0.00031539870800000004;8.160000000000003e-05;3164.953371666667
443;0.00031539870800000004;8.160000000000003e-05;3202.570406666667
444;0.00031539870800000004;8.160000000000003e-05;3202.5817433333336
445;0.00031539870800000004;8.160000000000003e-05;3202.572946666666
446;0.00031539870800000004;8.160000000000003e-05;3202.578773333333
447;0.00031539870800000004;8.160000000000003e-05;3202.5667516666667
448;0.00031539870800000004;8.160000000000003e-05;3202.5711816666667
449;0.00031539870800000004;8.160000000000003e-05;3202.5659749999995
450;0.00031539870800000004;8.160000000000003e-05;3202.568256666666
451;0.00031539870800000004;8.160000000000003e-05;3202.5699699999996
452;0.00031539870800000004;8.160000000000003e-05;3361.531855
453;0.00031539870800000004;8.160000000000003e-05;3451.217338333334
454;0.00031539870800000004;8.160000000000003e-05;3451.220208333333
455;0.00031539870800000004;8.160000000000003e-05;3451.2191033333324
456;0.00031539870800000004;8.160000000000003e-05;3451.216911666667
457;0.00031539870800000004;8.160000000000003e-05;3451.216438333334
458;0.00031539870800000004;8.160000000000003e-05;3451.213456666666
459;0.00031539870800000004;8.160000000000003e-05;3451.217901666666
460;0.00031539870800000004;8.160000000000003e-05;3451.216625
461;0.00031539870800000004;8.160000000000003e-05;3451.215538333333
462;0.00031539870800000004;8.160000000000003e-05;3562.9295933333333
463;0.00031539870800000004;8.160000000000003e-05;3739.8160616666664
464;0.00031539870800000004;8.160000000000003e-05;3739.8098333333337
465;0.00031539870800000004;8.160000000000003e-05;3739.820466666666
466;0.00031539870800000004;8.160000000000003e-05;3739.8241033333334
467;0.00031539870800000004;8.160000000000003e-05;3739.8167700000004
468;0.00031539870800000004;8.160000000000003e-05;3739.8167466666664
469;0.00031539870800000004;8.160000000000003e-05;3739.8167733333335
470;0.00031539870800000004;8.160000000000003e-05;3739.8234666666663
471;0.00031539870800000004;8.160000000000003e-05;3739.8139033333337
472;0.00031539870800000004;8.160000000000003e-05;3780.3987199999997
473;0.00031539870800000004;8.160000000000003e-05;4040.5876583333334
474;0.00031539870800000004;8.160000000000003e-05;4040.590953333333
475;0.00031539870800000004;8.160000000000003e-05;4040.584838333333
476;0.00031539870800000004;8.160000000000003e-05;4040.583805
477;0.00031539870800000004;8.160000000000003e-05;4040.584021666667
478;0.00031539870800000004;8.160000000000003e-05;4040.578623333334
479;0.00031539870800000004;8.160000000000003e-05;4040.5852516666664
480;0.000312738455;8.160000000000003e-05;4040.594098333334
481;0.000312738455;8.160000000000003e-05;4040.58716
482;0.000312738455;8.160000000000003e-05;4040.594371666667
483;0.000312738455;8.160000000000003e-05;4306.880796666666
484;0.000312738455;8.160000000000003e-05;4342.077681666667
485;0.000312738455;8.160000000000003e-05;4342.083085
486;0.000312738455;8.160000000000003e-05;4342.07642
487;0.000312738455;8.160000000000003e-05;4342.074154999999
488;0.000312738455;8.160000000000003e-05;4342.080208333333
489;0.000312738455;8.160000000000003e-05;4342.075108333334
490;0.000312738455;8.160000000000003e-05;4342.073368333334
491;0.000312738455;8.160000000000003e-05;4342.071731666666
492;0.000312738455;8.160000000000003e-05;4342.080431666666
493;0.000312738455;8.160000000000003e-05;4487.820933333333
494;0.000312738455;8.160000000000003e-05;4573.035018333333
495;0.000312738455;8.160000000000003e-05;4573.043251666666
496;0.000312738455;8.160000000000003e-05;4573.03912
497;0.000312738455;8.160000000000003e-05;4573.03803
498;0.000312738455;8.160000000000003e-05;4573.040805000001
499;0.000312738455;8.160000000000003e-05;4573.038358333333
500;0.000312738455;8.160000000000003e-05;4573.042693333333
501;0.000312738455;8.160000000000003e-05;4573.036726666667
502;0.000312738455;8.160000000000003e-05;4573.036431666667
503;0.000312738455;8.160000000000003e-05;4668.815703333333
504;0.000312738455;8.160000000000003e-05;4825.812798333334
505;0.000312738455;8.160000000000003e-05;4825.805636666667
506;0.000312738455;8.160000000000003e-05;4825.804455
507;0.000312738455;8.160000000000003e-05;4825.803231666667
508;0.000312738455;8.160000000000003e-05;4825.806631666667
509;0.000312738455;8.160000000000003e-05;4825.808658333334
510;0.000312738455;8.160000000000003e-05;4825.806336666667
511;0.000312738455;8.160000000000003e-05;4825.811480000001
512;0.000312738455;8.160000000000003e-05;4825.804916666666
513;0.000312738455;8.160000000000003e-05;4863.697384999999
514;0.000312738455;8.160000000000003e-05;5126.221675
515;0.000312738455;8.160000000000003e-05;5126.220756666667
516;0.000312738455;8.160000000000003e-05;5126.219346666667
517;0.000312738455;8.160000000000003e-05;5126.220201666667
518;0.000312738455;8.160000000000003e-05;5126.221666666667
519;0.000312738455;8.160000000000003e-05;5126.217316666667
520;0.000312738455;8.160000000000003e-05;5126.220105
521;0.000312738455;8.160000000000003e-05;5126.215563333333
522;0.000312738455;8.160000000000003e-05;5126.2186016666665
523;0.000312738455;8.160000000000003e-05;5126.213811666667
524;0.000312738455;8.160000000000003e-05;5393.898796666666
525;0.000312738455;8.160000000000003e-05;5432.55044
526;0.000312738455;8.160000000000003e-05;5432.547381666666
527;0.000312738455;8.160000000000003e-05;5432.5615566666675
528;0.000312738455;8.160000000000003e-05;5432.558936666667
529;0.000312738455;8.160000000000003e-05;5432.5593733333335
530;0.000312738455;8.160000000000003e-05;5432.555803333334
531;0.000312738455;8.160000000000003e-05;5432.551563333335
532;0.000312738455;8.160000000000003e-05;5432.5505766666665
533;0.000312738455;8.160000000000003e-05;5432.562391666666
534;0.000312738455;8.160000000000003e-05;5667.274078333333
535;0.000312738455;8.160000000000003e-05;5810.499071666666
536;0.000312738455;8.160000000000003e-05;5810.491145000001
537;0.000312738455;8.160000000000003e-05;5810.491163333331
538;0.000312738455;8.160000000000003e-05;5810.487385
539;0.000312738455;8.160000000000003e-05;5810.495713333335
540;0.00030518991000000003;8.160000000000003e-05;5810.488736666666
541;0.00030518991000000003;8.160000000000003e-05;5810.4978666666675
542;0.00030518991000000003;8.160000000000003e-05;5810.504301666665
543;0.00030518991000000003;8.160000000000003e-05;5810.498948333333
544;0.00030518991000000003;8.160000000000003e-05;5850.321915000001
545;0.00030518991000000003;8.160000000000003e-05;5917.799643333333
546;0.00030518991000000003;8.160000000000003e-05;5917.803668333334
547;0.00030518991000000003;8.160000000000003e-05;5917.807348333332
548;0.00030518991000000003;8.160000000000003e-05;5917.810971666667
549;0.00030518991000000003;8.160000000000003e-05;5917.802135
550;0.00030518991000000003;8.160000000000003e-05;5917.815131666666
551;0.00030518991000000003;8.160000000000003e-05;5917.813828333333
552;0.00030518991000000003;8.160000000000003e-05;5917.820471666667
553;0.00030518991000000003;8.160000000000003e-05;5917.803661666667
554;0.00030518991000000003;8.160000000000003e-05;5942.090345
555;0.00030518991000000003;8.160000000000003e-05;6122.654495
556;0.00030518991000000003;8.160000000000003e-05;6122.654735
557;0.00030518991000000003;8.160000000000003e-05;6122.652453333332
558;0.00030518991000000003;8.160000000000003e-05;6122.654161666667
559;0.00030518991000000003;8.160000000000003e-05;6122.664000000001
560;0.00030518991000000003;8.160000000000003e-05;6122.658326666667
561;0.00030518991000000003;8.160000000000003e-05;6122.650086666666
562;0.00030518991000000003;8.160000000000003e-05;6122.6558866666655
563;0.00030518991000000003;8.160000000000003e-05;6122.661754999999
564;0.00030518991000000003;8.160000000000003e-05;6122.656468333333
565;0.00030518991000000003;8.160000000000003e-05;6411.523713333333
566;0.00030518991000000003;8.160000000000003e-05;6456.544718333334
567;0.00030518991000000003;8.160000000000003e-05;6456.537838333333
568;0.00030518991000000003;8.160000000000003e-05;6456.536313333333
569;0.00030518991000000003;8.160000000000003e-05;6456.547448333334
570;0.00030518991000000003;8.160000000000003e-05;6456.542689999999
571;0.00030518991000000003;8.160000000000003e-05;6456.537195
572;0.00030518991000000003;8.160000000000003e-05;6456.540461666668
573;0.00030518991000000003;8.160000000000003e-05;6456.534993333333
574;0.00030518991000000003;8.160000000000003e-05;6456.540965000001
575;0.00030518991000000003;8.160000000000003e-05;6570.662156666666
576;0.00030518991000000003;8.160000000000003e-05;6642.370310000001
577;0.00030518991000000003;8.160000000000003e-05;6642.365918333333
578;0.00030518991000000003;8.160000000000003e-05;6642.374366666667
579;0.00030518991000000003;8.160000000000003e-05;6642.366678333333
580;0.00030518991000000003;8.160000000000003e-05;6642.366113333335
581;0.00030518991000000003;8.160000000000003e-05;6642.375208333334
582;0.00030518991000000003;8.160000000000003e-05;6642.370364999999
583;0.00030518991000000003;8.160000000000003e-05;6642.364996666667
584;0.00030518991000000003;8.160000000000003e-05;6642.364598333333
585;0.00030518991000000003;8.160000000000003e-05;6729.795875
586;0.00030518991000000003;8.160000000000003e-05;6884.360815000001
587;0.00030518991000000003;8.160000000000003e-05;6884.365053333336
588;0.00030518991000000003;8.160000000000003e-05;6884.361823333334
589;0.00030518991000000003;8.160000000000003e-05;6884.368163333333
590;0.00030518991000000003;8.160000000000003e-05;6884.366296666665
591;0.00030518991000000003;8.160000000000003e-05;6884.373789999998
592;0.00030518991000000003;8.160000000000003e-05;6884.354938333334
593;0.00030518991000000003;8.160000000000003e-05;6884.36331
594;0.00030518991000000003;8.160000000000003e-05;6884.367348333332
595;0.00030518991000000003;8.160000000000003e-05;6911.448065
596;0.00030518991000000003;8.160000000000003e-05;7130.1444599999995
597;0.00030518991000000003;8.160000000000003e-05;7130.129081666667
598;0.00030518991000000003;8.160000000000003e-05;7130.137683333334
599;0.00030518991000000003;8.160000000000003e-05;7130.138616666667
600;0.000298574978;8.160000000000003e-05;7130.133223333334
601;0.000298574978;8.160000000000003e-05;7130.137211666666
602;0.000298574978;8.160000000000003e-05;7130.137026666666
603;0.000298574978;8.160000000000003e-05;7130.131216666666
604;0.000298574978;8.160000000000003e-05;7130.140915
605;0.000298574978;8.160000000000003e-05;7130.128448333332
606;0.000298574978;8.160000000000003e-05;7347.224229999999
607;0.000298574978;8.160000000000003e-05;7383.264111666666
608;0.000298574978;8.160000000000003e-05;7383.27427
609;0.000298574978;8.160000000000003e-05;7383.26302
610;0.000298574978;8.160000000000003e-05;7383.254438333333
611;0.000298574978;8.160000000000003e-05;7383.26
612;0.000298574978;8.160000000000003e-05;7383.2652499999995
613;0.000298574978;8.160000000000003e-05;7383.262458333334
614;0.000298574978;8.160000000000003e-05;7383.264065
615;0.000298574978;8.160000000000003e-05;7383.262488333334
616;0.000298574978;8.160000000000003e-05;7485.004551666668
617;0.000298574978;8.160000000000003e-05;7551.513661666666
618;0.000298574978;8.160000000000003e-05;7551.50455
619;0.000298574978;8.160000000000003e-05;7551.501731666666
620;0.000298574978;8.160000000000003e-05;7551.507145
621;0.000298574978;8.160000000000003e-05;7551.505488333333
622;0.000298574978;8.160000000000003e-05;7551.506114999999
623;0.000298574978;8.160000000000003e-05;7551.500171666666
624;0.000298574978;8.160000000000003e-05;7551.5036549999995
625;0.000298574978;8.160000000000003e-05;7551.505593333333
626;0.000298574978;8.160000000000003e-05;7579.25091
627;0.000298574978;8.160000000000003e-05;7630.124218333334
628;0.000298574978;8.160000000000003e-05;7630.126251666667
629;0.000298574978;8.160000000000003e-05;7630.124688333334
630;0.000298574978;8.160000000000003e-05;7630.129666666667
631;0.000298574978;8.160000000000003e-05;7630.131363333333
632;0.000298574978;8.160000000000003e-05;7630.121895
633;0.000298574978;8.160000000000003e-05;7630.124215
634;0.000298574978;8.160000000000003e-05;7630.116788333335
635;0.000298574978;8.160000000000003e-05;7630.12737
636;0.000298574978;8.160000000000003e-05;7643.3389849999985
637;0.000298574978;8.160000000000003e-05;7758.281698333333
638;0.000298574978;8.160000000000003e-05;7758.279316666667
639;0.000298574978;8.160000000000003e-05;7758.295948333334
640;0.000298574978;8.160000000000003e-05;7758.283816666667
641;0.000298574978;8.160000000000003e-05;7758.283710000001
642;0.000298574978;8.160000000000003e-05;7758.283736666667
643;0.000298574978;8.160000000000003e-05;7758.28283
644;0.000298574978;8.160000000000003e-05;7758.276001666668
645;0.000298574978;8.160000000000003e-05;7758.28095
646;0.000298574978;8.160000000000003e-05;7758.287633333334
647;0.000298574978;8.160000000000003e-05;7928.924778333333
648;0.000298574978;8.160000000000003e-05;7958.790393333334
649;0.000298574978;8.160000000000003e-05;7958.799865
650;0.000298574978;8.160000000000003e-05;7958.79059
651;0.000298574978;8.160000000000003e-05;7958.798923333334
652;0.000298574978;8.160000000000003e-05;7958.8003683333345
653;0.000298574978;8.160000000000003e-05;7958.791708333333
654;0.000298574978;8.160000000000003e-05;7958.801770000001
655;0.000298574978;8.160000000000003e-05;7958.802211666666
656;0.000298574978;8.160000000000003e-05;7958.791345000001
657;0.000298574978;8.160000000000003e-05;7917.792295
658;0.000298574978;8.160000000000003e-05;7890.457775000002
659;0.000298574978;8.160000000000003e-05;7890.453951666669
660;0.000293453478;8.160000000000003e-05;7890.458073333333
661;0.000293453478;8.160000000000003e-05;7890.457339999999
662;0.000293453478;8.160000000000003e-05;7890.457701666665
663;0.000293453478;8.160000000000003e-05;7890.453248333334
664;0.000293453478;8.160000000000003e-05;7890.460876666666
665;0.000293453478;8.160000000000003e-05;7890.460620000001
666;0.000293453478;8.160000000000003e-05;7890.460830000001
667;0.000293453478;8.160000000000003e-05;7906.623488333333
668;0.000293453478;8.160000000000003e-05;7937.159253333334
669;0.000293453478;8.160000000000003e-05;7937.1747633333325
670;0.000293453478;8.160000000000003e-05;7937.164901666666
671;0.000293453478;8.160000000000003e-05;7937.160870000001
672;0.000293453478;8.160000000000003e-05;7937.164803333333
673;0.000293453478;8.160000000000003e-05;7937.158165
674;0.000293453478;8.160000000000003e-05;7937.164076666667
675;0.000293453478;8.160000000000003e-05;7937.164840000001
676;0.000293453478;8.160000000000003e-05;7937.161733333332
677;0.000293453478;8.160000000000003e-05;7961.298931666666
678;0.000293453478;8.160000000000003e-05;8198.609025
679;0.000293453478;8.160000000000003e-05;8198.61155
680;0.000293453478;8.160000000000003e-05;8198.613541666668
681;0.000293453478;8.160000000000003e-05;8198.616458333332
682;0.000293453478;8.160000000000003e-05;8198.606383333334
683;0.000293453478;8.160000000000003e-05;8198.602775
684;0.000293453478;8.160000000000003e-05;8198.615475
685;0.000293453478;8.160000000000003e-05;8198.609416666666
686;0.000293453478;8.160000000000003e-05;8198.611308333333
687;0.000293453478;8.160000000000003e-05;8198.6088
688;0.000293453478;8.160000000000003e-05;8091.6316750000005
689;0.000293453478;8.160000000000003e-05;8071.42708
690;0.000293453478;8.160000000000003e-05;8071.441633333334
691;0.000293453478;8.160000000000003e-05;8071.432393333333
692;0.000293453478;8.160000000000003e-05;8071.442996666667
693;0.000293453478;8.160000000000003e-05;8071.43869
694;0.000293453478;8.160000000000003e-05;8071.445710000001
695;0.000293453478;8.160000000000003e-05;8071.441316666666
696;0.000293453478;8.160000000000003e-05;8071.432536666665
697;0.000293453478;8.160000000000003e-05;8071.4424033333335
698;0.000293453478;8.160000000000003e-05;7994.774159999999
699;0.000293453478;8.160000000000003e-05;7941.295499999999
700;0.000293453478;8.160000000000003e-05;7941.3012566666675
701;0.000293453478;8.160000000000003e-05;7941.295208333333
702;0.000293453478;8.160000000000003e-05;7941.306028333333
703;0.000293453478;8.160000000000003e-05;7941.297573333333
704;0.000293453478;8.160000000000003e-05;7941.296071666667
705;0.000293453478;8.160000000000003e-05;7941.294725
706;0.000293453478;8.160000000000003e-05;7941.2991483333335
707;0.000293453478;8.160000000000003e-05;7941.294556666666
708;0.000293453478;8.160000000000003e-05;8007.281253333334
709;0.000293453478;8.160000000000003e-05;8137.392726666666
710;0.000293453478;8.160000000000003e-05;8137.377815000001
711;0.000293453478;8.160000000000003e-05;8137.381250000001
712;0.000293453478;8.160000000000003e-05;8137.385841666667
713;0.000293453478;8.160000000000003e-05;8137.382331666667
714;0.000293453478;8.160000000000003e-05;8137.383201666667
715;0.000293453478;8.160000000000003e-05;8137.385160000001
716;0.000293453478;8.160000000000003e-05;8137.381745
717;0.000293453478;8.160000000000003e-05;8137.396261666668
718;0.000293453478;8.160000000000003e-05;8137.304636666668
719;0.000293453478;8.160000000000003e-05;8136.4713083333345
720;0.00028618808799999997;8.160000000000003e-05;8006.754234999999
721;0.00028618808799999997;8.160000000000003e-05;7978.895891666668
722;0.00028618808799999997;8.160000000000003e-05;7978.8969400000005
723;0.00028618808799999997;8.160000000000003e-05;7978.897325
724;0.00028618808799999997;8.160000000000003e-05;7978.894521666666
725;0.00028618808799999997;8.160000000000003e-05;7978.892234999998
726;0.00028618808799999997;8.160000000000003e-05;7978.900366666668
727;0.00028618808799999997;8.160000000000003e-05;7978.900161666667
728;0.00028618808799999997;8.160000000000003e-05;7978.893078333334
729;0.00028618808799999997;8.160000000000003e-05;7978.902041666667
730;0.00028618808799999997;8.160000000000003e-05;7897.263361666667
731;0.00028618808799999997;8.160000000000003e-05;7834.2710050000005
732;0.00028618808799999997;8.160000000000003e-05;7834.283083333333
733;0.00028618808799999997;8.160000000000003e-05;7834.274288333333
734;0.00028618808799999997;8.160000000000003e-05;7834.274028333332
735;0.00028618808799999997;8.160000000000003e-05;7834.27229
736;0.00028618808799999997;8.160000000000003e-05;7834.278095000001
737;0.00028618808799999997;8.160000000000003e-05;7834.284043333333
738;0.00028618808799999997;8.160000000000003e-05;7834.272023333334
739;0.00028618808799999997;8.160000000000003e-05;7834.280011666668
740;0.00028618808799999997;8.160000000000003e-05;7834.253653333333
741;0.00028618808799999997;8.160000000000003e-05;7834.178031666665
742;0.00028618808799999997;8.160000000000003e-05;7834.182336666667
743;0.00028618808799999997;8.160000000000003e-05;7834.1828283333325
744;0.00028618808799999997;8.160000000000003e-05;7834.180351666668
745;0.00028618808799999997;8.160000000000003e-05;7834.183375
746;0.00028618808799999997;8.160000000000003e-05;7834.1811849999995
747;0.00028618808799999997;8.160000000000003e-05;7834.183823333335
748;0.00028618808799999997;8.160000000000003e-05;7834.182426666666
749;0.00028618808799999997;8.160000000000003e-05;7834.175768333333
750;0.00028618808799999997;8.160000000000003e-05;7829.005441666667
751;0.00028618808799999997;8.160000000000003e-05;7747.185358333333
752;0.00028618808799999997;8.160000000000003e-05;7747.184751666667
753;0.00028618808799999997;8.160000000000003e-05;7747.173241666666
754;0.00028618808799999997;8.160000000000003e-05;7747.177153333333
755;0.00028618808799999997;8.160000000000003e-05;7747.180461666666
756;0.00028618808799999997;8.160000000000003e-05;7747.183446666666
757;0.00028618808799999997;8.160000000000003e-05;7747.17434
758;0.00028618808799999997;8.160000000000003e-05;7747.184544999999
759;0.00028618808799999997;8.160000000000003e-05;7747.18256
760;0.00028618808799999997;8.160000000000003e-05;7747.1833166666665
761;0.00028618808799999997;8.160000000000003e-05;7619.160655000001
762;0.00028618808799999997;8.160000000000003e-05;7588.471628333334
763;0.00028618808799999997;8.160000000000003e-05;7588.479673333333
764;0.00028618808799999997;8.160000000000003e-05;7588.478744999999
765;0.00028618808799999997;8.160000000000003e-05;7588.472781666667
766;0.00028618808799999997;8.160000000000003e-05;7588.472574999999
767;0.00028618808799999997;8.160000000000003e-05;7588.474144999999
768;0.00028618808799999997;8.160000000000003e-05;7588.477183333334
769;0.00028618808799999997;8.160000000000003e-05;7588.475513333333
770;0.00028618808799999997;8.160000000000003e-05;7588.4728233333335
771;0.00028618808799999997;8.160000000000003e-05;7499.400153333334
772;0.00028618808799999997;8.160000000000003e-05;7427.775083333335
773;0.00028618808799999997;8.160000000000003e-05;7427.76888
774;0.00028618808799999997;8.160000000000003e-05;7427.770401666667
775;0.00028618808799999997;8.160000000000003e-05;7427.767764999999
776;0.00028618808799999997;8.160000000000003e-05;7427.770994999999
777;0.00028618808799999997;8.160000000000003e-05;7427.770356666666
778;0.00028618808799999997;8.160000000000003e-05;7427.767033333333
779;0.00028618808799999997;8.160000000000003e-05;7427.759726666667
780;0.00028176073399999987;8.160000000000003e-05;7427.7711433333325
781;0.00028176073399999987;8.160000000000003e-05;7445.781501666666
782;0.00028176073399999987;8.160000000000003e-05;7487.350493333332
783;0.00028176073399999987;8.160000000000003e-05;7487.348274999999
784;0.00028176073399999987;8.160000000000003e-05;7487.341768333334
785;0.00028176073399999987;8.160000000000003e-05;7487.345308333334
786;0.00028176073399999987;8.160000000000003e-05;7487.348133333332
787;0.00028176073399999987;8.160000000000003e-05;7487.343761666666
788;0.00028176073399999987;8.160000000000003e-05;7487.356743333334
789;0.00028176073399999987;8.160000000000003e-05;7487.339364999999
790;0.00028176073399999987;8.160000000000003e-05;7487.345688333332
791;0.00028176073399999987;8.160000000000003e-05;7475.403336666666
792;0.00028176073399999987;8.160000000000003e-05;7237.456349999999
793;0.00028176073399999987;8.160000000000003e-05;7237.460466666667
794;0.00028176073399999987;8.160000000000003e-05;7237.4547016666675
795;0.00028176073399999987;8.160000000000003e-05;7237.454375
796;0.00028176073399999987;8.160000000000003e-05;7237.452646666666
797;0.00028176073399999987;8.160000000000003e-05;7237.45782
798;0.00028176073399999987;8.160000000000003e-05;7237.453601666667
799;0.00028176073399999987;8.160000000000003e-05;7237.450445
800;0.00028176073399999987;8.160000000000003e-05;7237.446998333332
801;0.00028176073399999987;8.160000000000003e-05;7237.4572
802;0.00028176073399999987;8.160000000000003e-05;7000.9481866666665
803;0.00028176073399999987;8.160000000000003e-05;6940.188128333332
804;0.00028176073399999987;8.160000000000003e-05;6940.183346666668
805;0.00028176073399999987;8.160000000000003e-05;6940.182363333332
806;0.00028176073399999987;8.160000000000003e-05;6940.181715000001
807;0.00028176073399999987;8.160000000000003e-05;6940.175328333333
808;0.00028176073399999987;8.160000000000003e-05;6940.190008333333
809;0.00028176073399999987;8.160000000000003e-05;6940.180361666667
810;0.00028176073399999987;8.160000000000003e-05;6940.176329999999
811;0.00028176073399999987;8.160000000000003e-05;6940.173229999999
812;0.00028176073399999987;8.160000000000003e-05;6818.996786666667
813;0.00028176073399999987;8.160000000000003e-05;6717.470166666666
814;0.00028176073399999987;8.160000000000003e-05;6717.46364
815;0.00028176073399999987;8.160000000000003e-05;6717.473868333333
816;0.00028176073399999987;8.160000000000003e-05;6717.478895000001
817;0.00028176073399999987;8.160000000000003e-05;6717.472006666667
818;0.00028176073399999987;8.160000000000003e-05;6717.474551666665
819;0.00028176073399999987;8.160000000000003e-05;6717.462390000001
820;0.00028176073399999987;8.160000000000003e-05;6717.470533333334
821;0.00028176073399999987;8.160000000000003e-05;6717.473588333332
822;0.00028176073399999987;8.160000000000003e-05;6642.8529
823;0.00028176073399999987;8.160000000000003e-05;6461.208533333333
824;0.00028176073399999987;8.160000000000003e-05;6461.200425000001
825;0.00028176073399999987;8.160000000000003e-05;6461.205603333333
826;0.00028176073399999987;8.160000000000003e-05;6461.205370000001
827;0.00028176073399999987;8.160000000000003e-05;6461.205186666669
828;0.00028176073399999987;8.160000000000003e-05;6461.208141666667
829;0.00028176073399999987;8.160000000000003e-05;6461.209821666666
830;0.00028176073399999987;8.160000000000003e-05;6461.212656666667
831;0.00028176073399999987;8.160000000000003e-05;6461.214531666667
832;0.00028176073399999987;8.160000000000003e-05;6452.321786666666
833;0.00028176073399999987;8.160000000000003e-05;6234.289881666667
834;0.00028176073399999987;8.160000000000003e-05;6234.279706666667
835;0.00028176073399999987;8.160000000000003e-05;6234.289145
836;0.00028176073399999987;8.160000000000003e-05;6234.28134
837;0.00028176073399999987;8.160000000000003e-05;6234.282959999999
838;0.00028176073399999987;8.160000000000003e-05;6234.281941666666
839;0.00028176073399999987;8.160000000000003e-05;6234.283351666667
840;0.00028495997600000005;8.160000000000003e-05;6234.276504999998
841;0.00028495997600000005;8.160000000000003e-05;6234.279624999999
842;0.00028495997600000005;8.160000000000003e-05;6234.282266666666
843;0.00028495997600000005;8.160000000000003e-05;6144.383846666666
844;0.00028495997600000005;8.160000000000003e-05;6120.054766666666
845;0.00028495997600000005;8.160000000000003e-05;6120.049106666666
846;0.00028495997600000005;8.160000000000003e-05;6120.058103333333
847;0.00028495997600000005;8.160000000000003e-05;6120.061008333333
848;0.00028495997600000005;8.160000000000003e-05;6120.054015000001
849;0.00028495997600000005;8.160000000000003e-05;6120.053571666667
850;0.00028495997600000005;8.160000000000003e-05;6120.057498333333
851;0.00028495997600000005;8.160000000000003e-05;6120.060711666668
852;0.00028495997600000005;8.160000000000003e-05;6120.055331666666
853;0.00028495997600000005;8.160000000000003e-05;5965.787426666668
854;0.00028495997600000005;8.160000000000003e-05;5830.768836666666
855;0.00028495997600000005;8.160000000000003e-05;5830.767231666668
856;0.00028495997600000005;8.160000000000003e-05;5830.767941666668
857;0.00028495997600000005;8.160000000000003e-05;5830.765418333334
858;0.00028495997600000005;8.160000000000003e-05;5830.768186666666
859;0.00028495997600000005;8.160000000000003e-05;5830.7664466666665
860;0.00028495997600000005;8.160000000000003e-05;5830.770316666666
861;0.00028495997600000005;8.160000000000003e-05;5830.77268
862;0.00028495997600000005;8.160000000000003e-05;5830.770498333332
863;0.00028495997600000005;8.160000000000003e-05;5778.869281666667
864;0.00028495997600000005;8.160000000000003e-05;5646.109218333333
865;0.00028495997600000005;8.160000000000003e-05;5646.111733333333
866;0.00028495997600000005;8.160000000000003e-05;5646.0989383333335
867;0.00028495997600000005;8.160000000000003e-05;5646.103023333333
868;0.00028495997600000005;8.160000000000003e-05;5646.112111666667
869;0.00028495997600000005;8.160000000000003e-05;5646.110703333334
870;0.00028495997600000005;8.160000000000003e-05;5646.102326666669
871;0.00028495997600000005;8.160000000000003e-05;5646.100746666668
872;0.00028495997600000005;8.160000000000003e-05;5646.107766666666
873;0.00028495997600000005;8.160000000000003e-05;5638.62763
874;0.00028495997600000005;8.160000000000003e-05;5380.414830000001
875;0.00028495997600000005;8.160000000000003e-05;5380.426233333334
876;0.00028495997600000005;8.160000000000003e-05;5380.420108333333
877;0.00028495997600000005;8.160000000000003e-05;5380.420568333332
878;0.00028495997600000005;8.160000000000003e-05;5380.419954999999
879;0.00028495997600000005;8.160000000000003e-05;5380.422426666667
880;0.00028495997600000005;8.160000000000003e-05;5380.417579999999
881;0.00028495997600000005;8.160000000000003e-05;5380.426506666667
882;0.00028495997600000005;8.160000000000003e-05;5380.428081666667
883;0.00028495997600000005;8.160000000000003e-05;5380.425518333332
884;0.00028495997600000005;8.160000000000003e-05;5049.2922333333345
885;0.00028495997600000005;8.160000000000003e-05;4953.31552
886;0.00028495997600000005;8.160000000000003e-05;4953.31382
887;0.00028495997600000005;8.160000000000003e-05;4953.309461666667
888;0.00028495997600000005;8.160000000000003e-05;4953.314916666667
889;0.00028495997600000005;8.160000000000003e-05;4953.312663333332
890;0.00028495997600000005;8.160000000000003e-05;4953.314136666666
891;0.00028495997600000005;8.160000000000003e-05;4953.309453333333
892;0.00028495997600000005;8.160000000000003e-05;4953.315101666667
893;0.00028495997600000005;8.160000000000003e-05;4953.306481666667
894;0.00028495997600000005;8.160000000000003e-05;4816.68869
895;0.00028495997600000005;8.160000000000003e-05;4692.741151666666
896;0.00028495997600000005;8.160000000000003e-05;4692.743243333332
897;0.00028495997600000005;8.160000000000003e-05;4692.741851666667
898;0.00028495997600000005;8.160000000000003e-05;4692.739223333333
899;0.00028495997600000005;8.160000000000003e-05;4692.740013333333
900;0.000292587745;8.160000000000003e-05;4692.742138333333
901;0.000292587745;8.160000000000003e-05;4692.744503333332
902;0.000292587745;8.160000000000003e-05;4692.7374549999995
903;0.000292587745;8.160000000000003e-05;4692.744873333334
904;0.000292587745;8.160000000000003e-05;4590.963046666667
905;0.000292587745;8.160000000000003e-05;4315.7850733333335
906;0.000292587745;8.160000000000003e-05;4315.786408333333
907;0.000292587745;8.160000000000003e-05;4315.784201666667
908;0.000292587745;8.160000000000003e-05;4315.780779999999
909;0.000292587745;8.160000000000003e-05;4315.793428333333
910;0.000292587745;8.160000000000003e-05;4315.795728333333
911;0.000292587745;8.160000000000003e-05;4315.781248333334
912;0.000292587745;8.160000000000003e-05;4315.789551666667
913;0.000292587745;8.160000000000003e-05;4315.782765000001
914;0.000292587745;8.160000000000003e-05;4310.62006
915;0.000292587745;8.160000000000003e-05;4036.09871
916;0.000292587745;8.160000000000003e-05;4036.103054999999
917;0.000292587745;8.160000000000003e-05;4036.0954516666666
918;0.000292587745;8.160000000000003e-05;4036.0969999999998
919;0.000292587745;8.160000000000003e-05;4036.1016850000005
920;0.000292587745;8.160000000000003e-05;4036.0943933333333
921;0.000292587745;8.160000000000003e-05;4036.0933549999995
922;0.000292587745;8.160000000000003e-05;4036.102491666667
923;0.000292587745;8.160000000000003e-05;4036.1080466666663
924;0.000292587745;8.160000000000003e-05;4036.104291666666
925;0.000292587745;8.160000000000003e-05;3849.941538333334
926;0.000292587745;8.160000000000003e-05;3793.2053866666665
927;0.000292587745;8.160000000000003e-05;3793.2077016666667
928;0.000292587745;8.160000000000003e-05;3793.2104400000003
929;0.000292587745;8.160000000000003e-05;3793.202551666667
930;0.000292587745;8.160000000000003e-05;3793.1988049999995
931;0.000292587745;8.160000000000003e-05;3793.2014233333334
932;0.000292587745;8.160000000000003e-05;3793.2072299999995
933;0.000292587745;8.160000000000003e-05;3793.1963083333335
934;0.000292587745;8.160000000000003e-05;3793.2000449999996
935;0.000292587745;8.160000000000003e-05;3635.1309633333335
936;0.000292587745;8.160000000000003e-05;3484.4663149999997
937;0.000292587745;8.160000000000003e-05;3484.4696783333334
938;0.000292587745;8.160000000000003e-05;3484.465915
939;0.000292587745;8.160000000000003e-05;3484.4552799999997
940;0.000292587745;8.160000000000003e-05;3484.4700483333336
941;0.000292587745;8.160000000000003e-05;3484.4682166666666
942;0.000292587745;8.160000000000003e-05;3484.4715450000003
943;0.000292587745;8.160000000000003e-05;3484.4657799999995
944;0.000292587745;8.160000000000003e-05;3484.4676233333344
945;0.000292587745;8.160000000000003e-05;3426.9137149999997
946;0.000292587745;8.160000000000003e-05;3263.458443333334
947;0.000292587745;8.160000000000003e-05;3263.458565
948;0.000292587745;8.160000000000003e-05;3263.4546466666666
949;0.000292587745;8.160000000000003e-05;3263.458716666667
950;0.000292587745;8.160000000000003e-05;3263.4609233333335
951;0.000292587745;8.160000000000003e-05;3263.450008333333
952;0.000292587745;8.160000000000003e-05;3263.454051666667
953;0.000292587745;8.160000000000003e-05;3263.458001666667
954;0.000292587745;8.160000000000003e-05;3263.448208333334
955;0.000292587745;8.160000000000003e-05;3261.449771666667
956;0.000292587745;8.160000000000003e-05;2953.9220899999996
957;0.000292587745;8.160000000000003e-05;2953.928288333332
958;0.000292587745;8.160000000000003e-05;2953.933221666666
959;0.000292587745;8.160000000000003e-05;2953.9305383333335
960;0.00030732463999999987;8.160000000000003e-05;2953.917156666667
961;0.00030732463999999987;8.160000000000003e-05;2953.934481666666
962;0.00030732463999999987;8.160000000000003e-05;2953.9246550000003
963;0.00030732463999999987;8.160000000000003e-05;2953.929916666667
964;0.00030732463999999987;8.160000000000003e-05;2953.928831666666
965;0.00030732463999999987;8.160000000000003e-05;2953.9169000000006
966;0.00030732463999999987;8.160000000000003e-05;2732.5520116666667
967;0.00030732463999999987;8.160000000000003e-05;2660.141508333333
968;0.00030732463999999987;8.160000000000003e-05;2660.1435799999995
969;0.00030732463999999987;8.160000000000003e-05;2660.1436949999998
970;0.00030732463999999987;8.160000000000003e-05;2660.139341666667
971;0.00030732463999999987;8.160000000000003e-05;2660.1486183333336
972;0.00030732463999999987;8.160000000000003e-05;2660.1420566666666
973;0.00030732463999999987;8.160000000000003e-05;2660.134905
974;0.00030732463999999987;8.160000000000003e-05;2660.1386683333335
975;0.00030732463999999987;8.160000000000003e-05;2660.141685
976;0.00030732463999999987;8.160000000000003e-05;2545.41347
977;0.00030732463999999987;8.160000000000003e-05;2431.7609850000003
978;0.00030732463999999987;8.160000000000003e-05;2431.753678333333
979;0.00030732463999999987;8.160000000000003e-05;2431.7718116666665
980;0.00030732463999999987;8.160000000000003e-05;2431.766231666667
981;0.00030732463999999987;8.160000000000003e-05;2431.7651249999994
982;0.00030732463999999987;8.160000000000003e-05;2431.770176666667
983;0.00030732463999999987;8.160000000000003e-05;2431.7625683333335
984;0.00030732463999999987;8.160000000000003e-05;2431.758656666667
985;0.00030732463999999987;8.160000000000003e-05;2431.7619183333327
986;0.00030732463999999987;8.160000000000003e-05;2383.47557
987;0.00030732463999999987;8.160000000000003e-05;2238.7215349999997
988;0.00030732463999999987;8.160000000000003e-05;2238.726125
989;0.00030732463999999987;8.160000000000003e-05;2238.7332699999997
990;0.00030732463999999987;8.160000000000003e-05;2238.730605
991;0.00030732463999999987;8.160000000000003e-05;2238.7227233333333
992;0.00030732463999999987;8.160000000000003e-05;2238.7288883333335
993;0.00030732463999999987;8.160000000000003e-05;2238.72415
994;0.00030732463999999987;8.160000000000003e-05;2238.7280050000004
995;0.00030732463999999987;8.160000000000003e-05;2238.728293333333
996;0.00030732463999999987;8.160000000000003e-05;2238.7282
997;0.00030732463999999987;8.160000000000003e-05;2021.6328150000002
998;0.00030732463999999987;8.160000000000003e-05;2020.7319783333332
999;0.00030732463999999987;8.160000000000003e-05;2020.7418400000001
1000;0.00030732463999999987;8.160000000000003e-05;2020.730265
1001;0.00030732463999999987;8.160000000000003e-05;2020.7374650000004
1002;0.00030732463999999987;8.160000000000003e-05;2020.7416483333334
1003;0.00030732463999999987;8.160000000000003e-05;2020.7366983333334
1004;0.00030732463999999987;8.160000000000003e-05;2020.736311666667
1005;0.00030732463999999987;8.160000000000003e-05;2020.7361683333331
1006;0.00030732463999999987;8.160000000000003e-05;2020.7283483333335
1007;0.00030732463999999987;8.160000000000003e-05;1858.0569699999999
1008;0.00030732463999999987;8.160000000000003e-05;1801.8142783333335
1009;0.00030732463999999987;8.160000000000003e-05;1801.8206433333335
1010;0.00030732463999999987;8.160000000000003e-05;1801.817663333333
1011;0.00030732463999999987;8.160000000000003e-05;1801.8214533333335
1012;0.00030732463999999987;8.160000000000003e-05;1801.8197216666667
1013;0.00030732463999999987;8.160000000000003e-05;1801.8277466666666
1014;0.00030732463999999987;8.160000000000003e-05;1801.82025
1015;0.00030732463999999987;8.160000000000003e-05;1801.8108566666665
1016;0.00030732463999999987;8.160000000000003e-05;1801.8185583333334
1017;0.00030732463999999987;8.160000000000003e-05;1687.329836666667
1018;0.00030732463999999987;8.160000000000003e-05;1567.9123533333332
1019;0.00030732463999999987;8.160000000000003e-05;1567.912186666667
1020;0.0003256901549999999;8.160000000000003e-05;1567.9159083333334
1021;0.0003256901549999999;8.160000000000003e-05;1567.9139216666665
1022;0.0003256901549999999;8.160000000000003e-05;1567.91611
1023;0.0003256901549999999;8.160000000000003e-05;1567.913653333333
1024;0.0003256901549999999;8.160000000000003e-05;1567.9126383333337
1025;0.0003256901549999999;8.160000000000003e-05;1567.9156333333335
1026;0.0003256901549999999;8.160000000000003e-05;1567.9073483333332
1027;0.0003256901549999999;8.160000000000003e-05;1511.9923133333332
1028;0.0003256901549999999;8.160000000000003e-05;1331.7411299999997
1029;0.0003256901549999999;8.160000000000003e-05;1331.7476583333334
1030;0.0003256901549999999;8.160000000000003e-05;1331.75099
1031;0.0003256901549999999;8.160000000000003e-05;1331.7469633333333
1032;0.0003256901549999999;8.160000000000003e-05;1331.7556966666666
1033;0.0003256901549999999;8.160000000000003e-05;1331.7462183333332
1034;0.0003256901549999999;8.160000000000003e-05;1331.7457733333333
1035;0.0003256901549999999;8.160000000000003e-05;1331.7450566666669
1036;0.0003256901549999999;8.160000000000003e-05;1331.7499266666664
1037;0.0003256901549999999;8.160000000000003e-05;1331.7450250000002
1038;0.0003256901549999999;8.160000000000003e-05;1119.8441683333333
1039;0.0003256901549999999;8.160000000000003e-05;1116.512305
1040;0.0003256901549999999;8.160000000000003e-05;1116.5091
1041;0.0003256901549999999;8.160000000000003e-05;1116.5206933333332
1042;0.0003256901549999999;8.160000000000003e-05;1116.5162750000002
1043;0.0003256901549999999;8.160000000000003e-05;1116.5113916666667
1044;0.0003256901549999999;8.160000000000003e-05;1116.5212466666667
1045;0.0003256901549999999;8.160000000000003e-05;1116.5138249999998
1046;0.0003256901549999999;8.160000000000003e-05;1116.5179083333335
1047;0.0003256901549999999;8.160000000000003e-05;1116.512415
1048;0.0003256901549999999;8.160000000000003e-05;983.2774029999999
1049;0.0003256901549999999;8.160000000000003e-05;934.702624
1050;0.0003256901549999999;8.160000000000003e-05;934.7048955000001
1051;0.0003256901549999999;8.160000000000003e-05;934.7000978333333
1052;0.0003256901549999999;8.160000000000003e-05;934.7044491666668
1053;0.0003256901549999999;8.160000000000003e-05;934.7029521666666
1054;0.0003256901549999999;8.160000000000003e-05;934.6972676666666
1055;0.0003256901549999999;8.160000000000003e-05;934.6958014999999
1056;0.0003256901549999999;8.160000000000003e-05;934.6982536666667
1057;0.0003256901549999999;8.160000000000003e-05;934.7000351666668
1058;0.0003256901549999999;8.160000000000003e-05;862.3507009999998
1059;0.0003256901549999999;8.160000000000003e-05;784.7976786666667
1060;0.0003256901549999999;8.160000000000003e-05;784.7910795
1061;0.0003256901549999999;8.160000000000003e-05;784.7912245000002
1062;0.0003256901549999999;8.160000000000003e-05;784.7998283333334
1063;0.0003256901549999999;8.160000000000003e-05;784.7884695
1064;0.0003256901549999999;8.160000000000003e-05;784.7968665
1065;0.0003256901549999999;8.160000000000003e-05;784.7946996666667
1066;0.0003256901549999999;8.160000000000003e-05;784.7868255000001
1067;0.0003256901549999999;8.160000000000003e-05;784.7929688333334
1068;0.0003256901549999999;8.160000000000003e-05;757.6234746666667
1069;0.0003256901549999999;8.160000000000003e-05;667.5475181666667
1070;0.0003256901549999999;8.160000000000003e-05;667.5387969999999
1071;0.0003256901549999999;8.160000000000003e-05;667.5413143333334
1072;0.0003256901549999999;8.160000000000003e-05;667.5490261666667
1073;0.0003256901549999999;8.160000000000003e-05;667.5482493333333
1074;0.0003256901549999999;8.160000000000003e-05;667.5524693333334
1075;0.0003256901549999999;8.160000000000003e-05;667.5464071666667
1076;0.0003256901549999999;8.160000000000003e-05;667.5473543333334
1077;0.0003256901549999999;8.160000000000003e-05;667.5445595
1078;0.0003256901549999999;8.160000000000003e-05;667.5490133333334
1079;0.0003256901549999999;8.160000000000003e-05;532.6704436666666
1080;0.0003329601739999999;8.160000000000003e-05;459.61733033333337
1081;0.0003329601739999999;8.160000000000003e-05;432.38615500000003
1082;0.0003329601739999999;8.160000000000003e-05;432.38507599999997
1083;0.0003329601739999999;8.160000000000003e-05;432.3829696666667
1084;0.0003329601739999999;8.160000000000003e-05;432.3876441666667
1085;0.0003329601739999999;8.160000000000003e-05;432.3806206666667
1086;0.0003329601739999999;8.160000000000003e-05;432.3851450000001
1087;0.0003329601739999999;8.160000000000003e-05;432.3912141666666
1088;0.0003329601739999999;8.160000000000003e-05;432.3910841666667
1089;0.0003329601739999999;8.160000000000003e-05;432.377055
1090;0.0003329601739999999;8.160000000000003e-05;387.8103928333333
1091;0.0003329601739999999;8.160000000000003e-05;337.08702149999993
1092;0.0003329601739999999;8.160000000000003e-05;337.07567199999994
1093;0.0003329601739999999;8.160000000000003e-05;337.08554100000003
1094;0.0003329601739999999;8.160000000000003e-05;337.0850133333334
1095;0.0003329601739999999;8.160000000000003e-05;337.0757741666667
1096;0.0003329601739999999;8.160000000000003e-05;337.08316216666674
1097;0.0003329601739999999;8.160000000000003e-05;337.0801596666667
1098;0.0003329601739999999;8.160000000000003e-05;337.08686599999993
1099;0.0003329601739999999;8.160000000000003e-05;337.08545766666674
1100;0.0003329601739999999;8.160000000000003e-05;319.42268400000006
1101;0.0003329601739999999;8.160000000000003e-05;255.51144483333331
1102;0.0003329601739999999;8.160000000000003e-05;255.51967383333334
1103;0.0003329601739999999;8.160000000000003e-05;255.50545899999997
1104;0.0003329601739999999;8.160000000000003e-05;255.5074806666667
1105;0.0003329601739999999;8.160000000000003e-05;255.50892216666665
1106;0.0003329601739999999;8.160000000000003e-05;255.51584566666668
1107;0.0003329601739999999;8.160000000000003e-05;255.51333100000005
1108;0.0003329601739999999;8.160000000000003e-05;255.5138888333334
1109;0.0003329601739999999;8.160000000000003e-05;255.51903583333333
1110;0.0003329601739999999;8.160000000000003e-05;255.50868983333336
1111;0.0003329601739999999;8.160000000000003e-05;170.29340616666664
1112;0.0003329601739999999;8.160000000000003e-05;167.2473391666667
1113;0.0003329601739999999;8.160000000000003e-05;167.242455
1114;0.0003329601739999999;8.160000000000003e-05;167.23589083333334
1115;0.0003329601739999999;8.160000000000003e-05;167.2351261666667
1116;0.0003329601739999999;8.160000000000003e-05;167.24269299999997
1117;0.0003329601739999999;8.160000000000003e-05;167.247727
1118;0.0003329601739999999;8.160000000000003e-05;167.24259883333332
1119;0.0003329601739999999;8.160000000000003e-05;167.2439216666667
1120;0.0003329601739999999;8.160000000000003e-05;167.23570166666664
1121;0.0003329601739999999;8.160000000000003e-05;119.78571721666668
1122;0.0003329601739999999;8.160000000000003e-05;100.8340410166667
1123;0.0003329601739999999;8.160000000000003e-05;100.83030206666668
1124;0.0003329601739999999;8.160000000000003e-05;100.82951516666667
1125;0.0003329601739999999;8.160000000000003e-05;100.83462371666666
1126;0.0003329601739999999;8.160000000000003e-05;100.83488425
1127;0.0003329601739999999;8.160000000000003e-05;100.82762063333334
1128;0.0003329601739999999;8.160000000000003e-05;100.828878
1129;0.0003329601739999999;8.160000000000003e-05;100.83611420000001
1130;0.0003329601739999999;8.160000000000003e-05;100.8314631666667
1131;0.0003329601739999999;8.160000000000003e-05;83.31520739999999
1132;0.0003329601739999999;8.160000000000003e-05;63.14250046666667
1133;0.0003329601739999999;8.160000000000003e-05;63.13871176666668
1134;0.0003329601739999999;8.160000000000003e-05;63.149616749999986
1135;0.0003329601739999999;8.160000000000003e-05;63.14793325000001
1136;0.0003329601739999999;8.160000000000003e-05;63.1528276
1137;0.0003329601739999999;8.160000000000003e-05;63.142186566666666
1138;0.0003329601739999999;8.160000000000003e-05;63.147162183333336
1139;0.0003329601739999999;8.160000000000003e-05;63.1503582
1140;0.000323858728;8.160000000000003e-05;63.146910616666666
1141;0.000323858728;8.160000000000003e-05;57.32949263333334
1142;0.000323858728;8.160000000000003e-05;35.92664773333333
1143;0.000323858728;8.160000000000003e-05;35.926335349999995
1144;0.000323858728;8.160000000000003e-05;35.93141561666667
1145;0.000323858728;8.160000000000003e-05;35.92887326666667
1146;0.000323858728;8.160000000000003e-05;35.929769933333326
1147;0.000323858728;8.160000000000003e-05;35.927061716666664
1148;0.000323858728;8.160000000000003e-05;35.92670078333333
1149;0.000323858728;8.160000000000003e-05;35.93359901666667
1150;0.000323858728;8.160000000000003e-05;35.92371268333333
1151;0.000323858728;8.160000000000003e-05;35.92813805
1152;0.000323858728;8.160000000000003e-05;17.334209499999996
1153;0.000323858728;8.160000000000003e-05;16.66992315
1154;0.000323858728;8.160000000000003e-05;16.66422831666667
1155;0.000323858728;8.160000000000003e-05;16.666170383333334
1156;0.000323858728;8.160000000000003e-05;16.662704549999997
1157;0.000323858728;8.160000000000003e-05;16.66627796666667
1158;0.000323858728;8.160000000000003e-05;16.66352026666667
1159;0.000323858728;8.160000000000003e-05;16.663436333333333
1160;0.000323858728;8.160000000000003e-05;16.66744395
1161;0.000323858728;8.160000000000003e-05;16.6620526
1162;0.000323858728;8.160000000000003e-05;9.233350046666667
1163;0.000323858728;8.160000000000003e-05;6.278446026666666
1164;0.000323858728;8.160000000000003e-05;6.279140496666667
1165;0.000323858728;8.160000000000003e-05;6.279581673333333
1166;0.000323858728;8.160000000000003e-05;6.282981189999999
1167;0.000323858728;8.160000000000003e-05;6.2775537566666655
1168;0.000323858728;8.160000000000003e-05;6.277988036666668
1169;0.000323858728;8.160000000000003e-05;6.28635924
1170;0.000323858728;8.160000000000003e-05;6.283782213333334
1171;0.000323858728;8.160000000000003e-05;6.281271518333333
1172;0.000323858728;8.160000000000003e-05;4.2494071049999995
1173;0.000323858728;8.160000000000003e-05;1.9231722033333332
1174;0.000323858728;8.160000000000003e-05;1.9263212783333332
1175;0.000323858728;8.160000000000003e-05;1.9324295916666665
1176;0.000323858728;8.160000000000003e-05;1.922729385
1177;0.000323858728;8.160000000000003e-05;1.9241234216666672
1178;0.000323858728;8.160000000000003e-05;1.9204004966666668
1179;0.000323858728;8.160000000000003e-05;1.9284118666666665
1180;0.000323858728;8.160000000000003e-05;1.9334834333333333
1181;0.000323858728;8.160000000000003e-05;1.9269967816666667
1182;0.000323858728;8.160000000000003e-05;1.6367210511666666
1183;0.000323858728;8.160000000000003e-05;0.5928775358333334
1184;0.000323858728;8.160000000000003e-05;0.5929487671666666
1185;0.000323858728;8.160000000000003e-05;0.5943964656666668
1186;0.000323858728;8.160000000000003e-05;0.5859621678333334
1187;0.000323858728;8.160000000000003e-05;0.5861033804999999
1188;0.000323858728;8.160000000000003e-05;0.5832522028333336
1189;0.000323858728;8.160000000000003e-05;0.5863858081666666
1190;0.000323858728;8.160000000000003e-05;0.5856886846666666
1191;0.000323858728;8.160000000000003e-05;0.5873229506666665
1192;0.000323858728;8.160000000000003e-05;0.5809834808333335
1193;0.000323858728;8.160000000000003e-05;0.26478790916666667
1194;0.000323858728;8.160000000000003e-05;0.2517451661666667
1195;0.000323858728;8.160000000000003e-05;0.2479664153333333
1196;0.000323858728;8.160000000000003e-05;0.2511906373333333
1197;0.000323858728;8.160000000000003e-05;0.25442254583333335
1198;0.000323858728;8.160000000000003e-05;0.257359895
1199;0.000323858728;8.160000000000003e-05;0.2514812143333333
1200;0.00030870383400000004;8.160000000000003e-05;0.25814994983333334
1201;0.00030870383400000004;8.160000000000003e-05;0.24384437416666663
1202;0.00030870383400000004;8.160000000000003e-05;0.25401723383333336
1203;0.00030870383400000004;8.160000000000003e-05;0.06627837505333334
1204;0.00030870383400000004;8.160000000000003e-05;-0.005819651489116667
1205;0.00030870383400000004;8.160000000000003e-05;0.006224796477999999
1206;0.00030870383400000004;8.160000000000003e-05;-0.0038050896083333327
1207;0.00030870383400000004;8.160000000000003e-05;-0.004449311344333333
1208;0.00030870383400000004;8.160000000000003e-05;-0.0013739699616666667
1209;0.00030870383400000004;8.160000000000003e-05;0.0005996334146666666
1210;0.00030870383400000004;8.160000000000003e-05;-6.700218583333412e-05
1211;0.00030870383400000004;8.160000000000003e-05;0.004032075607666667
1212;0.00030870383400000004;8.160000000000003e-05;-0.008262277717666666
1213;0.00030870383400000004;8.160000000000003e-05;-0.0023559743930000004
1214;0.00030870383400000004;8.160000000000003e-05;0.010995146173346666
1215;0.00030870383400000004;8.160000000000003e-05;0.00040390976836666574
1216;0.00030870383400000004;8.160000000000003e-05;-0.0039162997422666655
1217;0.00030870383400000004;8.160000000000003e-05;-0.0002374785711666675
1218;0.00030870383400000004;8.160000000000003e-05;-0.013588801970000002
1219;0.00030870383400000004;8.160000000000003e-05;0.010873984300666667
1220;0.00030870383400000004;8.160000000000003e-05;-0.001624274914666667
1221;0.00030870383400000004;8.160000000000003e-05;-0.0045240572534999985
1222;0.00030870383400000004;8.160000000000003e-05;-0.0005347704771666667
1223;0.00030870383400000004;8.160000000000003e-05;0.006580181325
1224;0.00030870383400000004;8.160000000000003e-05;-0.002018182343
1225;0.00030870383400000004;8.160000000000003e-05;-0.001913041094166667
1226;0.00030870383400000004;8.160000000000003e-05;0.0015490031623333332
1227;0.00030870383400000004;8.160000000000003e-05;0.0035600018258333337
1228;0.00030870383400000004;8.160000000000003e-05;0.0049462505416666665
1229;0.00030870383400000004;8.160000000000003e-05;-0.003715474455833333
1230;0.00030870383400000004;8.160000000000003e-05;-0.009996000438333331
1231;0.00030870383400000004;8.160000000000003e-05;0.002521202684999999
1232;0.00030870383400000004;8.160000000000003e-05;-0.002156874156416666
1233;0.00030870383400000004;8.160000000000003e-05;-0.006103689303333334
1234;0.00030870383400000004;8.160000000000003e-05;-0.0009455021441666679
1235;0.00030870383400000004;8.160000000000003e-05;-0.007376501544166668
1236;0.00030870383400000004;8.160000000000003e-05;-0.0012626415330000004
1237;0.00030870383400000004;8.160000000000003e-05;0.0011230573100000003
1238;0.00030870383400000004;8.160000000000003e-05;0.005318810843100001
1239;0.00030870383400000004;8.160000000000003e-05;0.0025046960983333335
1240;0.00030870383400000004;8.160000000000003e-05;0.0006906652950000002
1241;0.00030870383400000004;8.160000000000003e-05;8.308442500000054e-05
1242;0.00030870383400000004;8.160000000000003e-05;0.002111011575666667
1243;0.00030870383400000004;8.160000000000003e-05;-0.001046611061
1244;0.00030870383400000004;8.160000000000003e-05;0.000773055906666667
1245;0.00030870383400000004;8.160000000000003e-05;-0.0041132978824999986
1246;0.00030870383400000004;8.160000000000003e-05;0.004932991352083333
1247;0.00030870383400000004;8.160000000000003e-05;0.007590658533333334
1248;0.00030870383400000004;8.160000000000003e-05;0.00039200639500000013
1249;0.00030870383400000004;8.160000000000003e-05;0.0012593209624333333
1250;0.00030870383400000004;8.160000000000003e-05;0.001685153957000001
1251;0.00030870383400000004;8.160000000000003e-05;-0.006038007152999999
1252;0.00030870383400000004;8.160000000000003e-05;0.010121217118333333
1253;0.00030870383400000004;8.160000000000003e-05;5.132941833333309e-05
1254;0.00030870383400000004;8.160000000000003e-05;0.0006897765528166664
1255;0.00030870383400000004;8.160000000000003e-05;0.004313400943333334
1256;0.00030870383400000004;8.160000000000003e-05;0.0017611677413333334
1257;0.00030870383400000004;8.160000000000003e-05;-0.010532245596666667
1258;0.00030870383400000004;8.160000000000003e-05;0.002456938688
1259;0.00030870383400000004;8.160000000000003e-05;-0.007546014186783334
1260;0.0002969701399999999;8.160000000000003e-05;-0.0014823812638333341
1261;0.0002969701399999999;8.160000000000003e-05;0.00033305347833333386
1262;0.0002969701399999999;8.160000000000003e-05;0.004614939707333332
1263;0.0002969701399999999;8.160000000000003e-05;0.005479464208333332
1264;0.0002969701399999999;8.160000000000003e-05;0.0062146533123333325
1265;0.0002969701399999999;8.160000000000003e-05;-0.00210893071115
1266;0.0002969701399999999;8.160000000000003e-05;-0.0004313994916666661
1267;0.0002969701399999999;8.160000000000003e-05;0.0016454446856666676
1268;0.0002969701399999999;8.160000000000003e-05;-0.003943929602333333
1269;0.0002969701399999999;8.160000000000003e-05;-0.001058691261333333
1270;0.0002969701399999999;8.160000000000003e-05;0.0031257121415
1271;0.0002969701399999999;8.160000000000003e-05;-0.0009866005359999998
1272;0.0002969701399999999;8.160000000000003e-05;0.0036660221616666667
1273;0.0002969701399999999;8.160000000000003e-05;-0.00305825599
1274;0.0002969701399999999;8.160000000000003e-05;-0.002051048116666667
1275;0.0002969701399999999;8.160000000000003e-05;0.008365653401666666
1276;0.0002969701399999999;8.160000000000003e-05;-0.000914970562333333
1277;0.0002969701399999999;8.160000000000003e-05;0.001473690628333333
1278;0.0002969701399999999;8.160000000000003e-05;0.0017031637849999994
1279;0.0002969701399999999;8.160000000000003e-05;0.0009017273598333331
1280;0.0002969701399999999;8.160000000000003e-05;-0.003592605420000001
1281;0.0002969701399999999;8.160000000000003e-05;-0.004317223214833333
1282;0.0002969701399999999;8.160000000000003e-05;-0.006986412291833334
1283;0.0002969701399999999;8.160000000000003e-05;0.0024303577733333337
1284;0.0002969701399999999;8.160000000000003e-05;-0.004878302616666667
1285;0.0002969701399999999;8.160000000000003e-05;0.0023806090678333345
1286;0.0002969701399999999;8.160000000000003e-05;0.0043926205566666675
1287;0.0002969701399999999;8.160000000000003e-05;-0.0035512213799999996
1288;0.0002969701399999999;8.160000000000003e-05;-0.0029620772516666663
1289;0.0002969701399999999;8.160000000000003e-05;-0.010432509389166667
1290;0.0002969701399999999;8.160000000000003e-05;-0.0009410818611766676
1291;0.0002969701399999999;8.160000000000003e-05;-0.009107173786666669
1292;0.0002969701399999999;8.160000000000003e-05;0.001205704539333333
1293;0.0002969701399999999;8.160000000000003e-05;-0.007961829524666668
1294;0.0002969701399999999;8.160000000000003e-05;-0.0013602279600000006
1295;0.0002969701399999999;8.160000000000003e-05;0.006023902147833332
1296;0.0002969701399999999;8.160000000000003e-05;-0.005002140615999999
1297;0.0002969701399999999;8.160000000000003e-05;-0.0009585181833333333
1298;0.0002969701399999999;8.160000000000003e-05;0.005155349772666666
1299;0.0002969701399999999;8.160000000000003e-05;-0.00529506302
1300;0.0002969701399999999;8.160000000000003e-05;-0.008526584114999998
1301;0.0002969701399999999;8.160000000000003e-05;-0.0010461277799999997
1302;0.0002969701399999999;8.160000000000003e-05;0.0005269042226666669
1303;0.0002969701399999999;8.160000000000003e-05;-0.006837835032666667
1304;0.0002969701399999999;8.160000000000003e-05;0.006895813609999999
1305;0.0002969701399999999;8.160000000000003e-05;-0.006662808194999999
1306;0.0002969701399999999;8.160000000000003e-05;0.0006003423573333335
1307;0.0002969701399999999;8.160000000000003e-05;-0.008925196098333334
1308;0.0002969701399999999;8.160000000000003e-05;-0.000215711375516667
1309;0.0002969701399999999;8.160000000000003e-05;0.003736216959500001
1310;0.0002969701399999999;8.160000000000003e-05;-0.007759906850833332
1311;0.0002969701399999999;8.160000000000003e-05;-0.0033781693283333326
1312;0.0002969701399999999;8.160000000000003e-05;-0.0011776279821666667
1313;0.0002969701399999999;8.160000000000003e-05;-0.0005892881250000002
1314;0.0002969701399999999;8.160000000000003e-05;-0.0017864117134999997
1315;0.0002969701399999999;8.160000000000003e-05;0.004305684985
1316;0.0002969701399999999;8.160000000000003e-05;-0.0045446948283333335
1317;0.0002969701399999999;8.160000000000003e-05;-0.0036248873357499997
1318;0.0002969701399999999;8.160000000000003e-05;0.006572366901333333
1319;0.0002969701399999999;8.160000000000003e-05;-0.00036006081300000016
1320;0.0002863444509999999;8.160000000000003e-05;-0.0031804145945
1321;0.0002863444509999999;8.160000000000003e-05;0.0030907034110000003
1322;0.0002863444509999999;8.160000000000003e-05;0.003883273688333334
1323;0.0002863444509999999;8.160000000000003e-05;-0.0006994247733333349
1324;0.0002863444509999999;8.160000000000003e-05;-0.000791865446666666
1325;0.0002863444509999999;8.160000000000003e-05;0.0033511577311666654
1326;0.0002863444509999999;8.160000000000003e-05;0.0012806714108333334
1327;0.0002863444509999999;8.160000000000003e-05;0.0018698925133333328
1328;0.0002863444509999999;8.160000000000003e-05;0.001556911756666666
1329;0.0002863444509999999;8.160000000000003e-05;0.004340357808666667
1330;0.0002863444509999999;8.160000000000003e-05;-0.00014168201933333345
1331;0.0002863444509999999;8.160000000000003e-05;0.001670902566166666
1332;0.0002863444509999999;8.160000000000003e-05;-0.002904880606666667
1333;0.0002863444509999999;8.160000000000003e-05;-0.001954032862416666
1334;0.0002863444509999999;8.160000000000003e-05;-0.0009797073299999998
1335;0.0002863444509999999;8.160000000000003e-05;0.0029069864223333344
1336;0.0002863444509999999;8.160000000000003e-05;0.0013770867055000007
1337;0.0002863444509999999;8.160000000000003e-05;0.004136909557833333
1338;0.0002863444509999999;8.160000000000003e-05;-0.008112357371666665
1339;0.0002863444509999999;8.160000000000003e-05;0.007741776675000001
1340;0.0002863444509999999;8.160000000000003e-05;-0.0004859994933333337
1341;0.0002863444509999999;8.160000000000003e-05;-0.002184944851666667
1342;0.0002863444509999999;8.160000000000003e-05;-0.011209865814166668
1343;0.0002863444509999999;8.160000000000003e-05;0.009943571204099997
1344;0.0002863444509999999;8.160000000000003e-05;0.0038440625183333342
1345;0.0002863444509999999;8.160000000000003e-05;0.0030355508500000006
1346;0.0002863444509999999;8.160000000000003e-05;-0.011130943519166665
1347;0.0002863444509999999;8.160000000000003e-05;-0.0024855985633333326
1348;0.0002863444509999999;8.160000000000003e-05;-0.0035090199850000008
1349;0.0002863444509999999;8.160000000000003e-05;0.0019589578716666662
1350;0.0002863444509999999;8.160000000000003e-05;0.0027348555373333324
1351;0.0002863444509999999;8.160000000000003e-05;-0.0005339350099999999
1352;0.0002863444509999999;8.160000000000003e-05;-0.0011938123706666665
1353;0.0002863444509999999;8.160000000000003e-05;0.0006465381016666664
1354;0.0002863444509999999;8.160000000000003e-05;0.003688863035000001
1355;0.0002863444509999999;8.160000000000003e-05;0.0024133775093
1356;0.0002863444509999999;8.160000000000003e-05;0.004693465477999999
1357;0.0002863444509999999;8.160000000000003e-05;-0.0029465178816666664
1358;0.0002863444509999999;8.160000000000003e-05;0.0001719922308333332
1359;0.0002863444509999999;8.160000000000003e-05;0.004681274016000001
1360;0.0002863444509999999;8.160000000000003e-05;-0.00014899347816666603
1361;0.0002863444509999999;8.160000000000003e-05;-0.0013778880133333328
1362;0.0002863444509999999;8.160000000000003e-05;-0.002585885345333334
1363;0.0002863444509999999;8.160000000000003e-05;0.0012798805000000001
1364;0.0002863444509999999;8.160000000000003e-05;0.001667658243283333
1365;0.0002863444509999999;8.160000000000003e-05;-0.001851423206666667
1366;0.0002863444509999999;8.160000000000003e-05;0.011385517512566667
1367;0.0002863444509999999;8.160000000000003e-05;0.006329986676666666
1368;0.0002863444509999999;8.160000000000003e-05;-0.003993074394999999
1369;0.0002863444509999999;8.160000000000003e-05;-0.002236931645333333
1370;0.0002863444509999999;8.160000000000003e-05;0.009608906138333335
1371;0.0002863444509999999;8.160000000000003e-05;-0.0009092504676666665
1372;0.0002863444509999999;8.160000000000003e-05;0.0035292672247000004
1373;0.0002863444509999999;8.160000000000003e-05;-0.004200233509999999
1374;0.0002863444509999999;8.160000000000003e-05;-0.002681320623833333
1375;0.0002863444509999999;8.160000000000003e-05;0.001199300445
1376;0.0002863444509999999;8.160000000000003e-05;-0.0009374875195833324
1377;0.0002863444509999999;8.160000000000003e-05;0.007552212266666668
1378;0.0002863444509999999;8.160000000000003e-05;-0.003903972459583333
1379;0.0002863444509999999;8.160000000000003e-05;-0.004689672004500001
1380;0.0002752335521000001;8.160000000000003e-05;-0.002622952165166667
1381;0.0002752250580000001;8.160000000000003e-05;-0.0005015051999999999
1382;0.0002752250580000001;8.160000000000003e-05;0.009435722145
1383;0.0002752250580000001;8.160000000000003e-05;-0.005811386755383333
1384;0.0002752250580000001;8.160000000000003e-05;0.004652090909666668
1385;0.0002752250580000001;8.160000000000003e-05;-0.0005006603778333347
1386;0.0002752250580000001;8.160000000000003e-05;0.007501202050833332
1387;0.0002752250580000001;8.160000000000003e-05;-0.0077925679166666656
1388;0.0002752250580000001;8.160000000000003e-05;0.006245967295333333
1389;0.0002752250580000001;8.160000000000003e-05;-0.0036074842200000006
1390;0.0002752250580000001;8.160000000000003e-05;0.006785853438833331
1391;0.0002752250580000001;8.160000000000003e-05;0.0003213176366666663
1392;0.0002752250580000001;8.160000000000003e-05;0.00439135787675
1393;0.0002752250580000001;8.160000000000003e-05;0.004492654496666667
1394;0.0002752250580000001;8.160000000000003e-05;-0.0009932932243333326
1395;0.0002752250580000001;8.160000000000003e-05;-0.005673842553333333
1396;0.0002752250580000001;8.160000000000003e-05;-0.0013839522278333337
1397;0.0002752250580000001;8.160000000000003e-05;0.0010931932192500002
1398;0.0002752250580000001;8.160000000000003e-05;-0.0024422314452
1399;0.0002752250580000001;8.160000000000003e-05;0.007827398219216667
1400;0.0002752250580000001;8.160000000000003e-05;-0.0022623338823333323
1401;0.0002752250580000001;8.160000000000003e-05;-0.0009899473100833335
1402;0.0002752250580000001;8.160000000000003e-05;-0.003169286214683334
1403;0.0002752250580000001;8.160000000000003e-05;0.0005451957093333337
1404;0.0002752250580000001;8.160000000000003e-05;0.0009612107383333335
1405;0.0002752250580000001;8.160000000000003e-05;-0.00495074061
1406;0.0002752250580000001;8.160000000000003e-05;0.008456413971666667
1407;0.0002752250580000001;8.160000000000003e-05;-0.0010404197533333335
1408;0.0002752250580000001;8.160000000000003e-05;0.0007800503383333339
1409;0.0002752250580000001;8.160000000000003e-05;-0.0038671458633333334
1410;0.0002752250580000001;8.160000000000003e-05;-0.0015814168541666664
1411;0.0002752250580000001;8.160000000000003e-05;-0.0036280344773333326
1412;0.0002752250580000001;8.160000000000003e-05;-0.004040544402566667
1413;0.0002752250580000001;8.160000000000003e-05;0.0014247888833333327
1414;0.0002752250580000001;8.160000000000003e-05;-0.0015187556236000005
1415;0.0002752250580000001;8.160000000000003e-05;0.0007452209733333343
1416;0.0002752250580000001;8.160000000000003e-05;-0.008326174478500002
1417;0.0002752250580000001;8.160000000000003e-05;0.0013267466000000002
1418;0.0002752250580000001;8.160000000000003e-05;0.004344721047833333
1419;0.0002752250580000001;8.160000000000003e-05;0.0071969243730666665
1420;0.0002752250580000001;8.160000000000003e-05;0.002702194654833333
1421;0.0002752250580000001;8.160000000000003e-05;0.0004484136549999995
1422;0.0002752250580000001;8.160000000000003e-05;0.00321414363
1423;0.0002752250580000001;8.160000000000003e-05;0.002165988272666667
1424;0.0002752250580000001;8.160000000000003e-05;0.0006088517603333337
1425;0.0002752250580000001;8.160000000000003e-05;-0.00014460272416666654
1426;0.0002752250580000001;8.160000000000003e-05;-0.0016625477939999995
1427;0.0002752250580000001;8.160000000000003e-05;-0.0010207732800000002
1428;0.0002752250580000001;8.160000000000003e-05;0.005033363992499999
1429;0.0002752250580000001;8.160000000000003e-05;0.003159842213833333
1430;0.0002752250580000001;8.160000000000003e-05;-0.00024370665983333446
1431;0.0002752250580000001;8.160000000000003e-05;-0.004710029673333333
1432;0.0002752250580000001;8.160000000000003e-05;0.009307831211499999
1433;0.0002752250580000001;8.160000000000003e-05;0.0013422836901666674
1434;0.0002752250580000001;8.160000000000003e-05;0.0046508997374
1435;0.0002752250580000001;8.160000000000003e-05;-0.005505876363333334
1436;0.0002752250580000001;8.160000000000003e-05;-0.0012214687950000002
1437;0.0002752250580000001;8.160000000000003e-05;-0.0026764712166666665
1438;0.0002752250580000001;8.160000000000003e-05;0.002342920325833332
1439;0.0002752250580000001;8.160000000000003e-05;0.007741301780233332
