;Feed_in_Price_EUR_kWh;Electricity_Price_EUR_kWh;PV_Power_W;Irradiance;Time_unix
0;0.0816;0.271988;-0.012565581;0;1609459200
1;0.0816;0.271988;0.001559553;0;1609459260
2;0.0816;0.271988;-0.001374733;0;1609459320
3;0.0816;0.271988;-0.004254718;0;1609459380
4;0.0816;0.271988;0.014542433;0;1609459440
5;0.0816;0.271988;0.001088848;0;1609459500
6;0.0816;0.271988;6.69E-05;0;1609459560
7;0.0816;0.271988;-0.004578076;0;1609459620
8;0.0816;0.271988;-0.000271243;0;1609459680
9;0.0816;0.271988;-0.000306502;0;1609459740
10;0.0816;0.271988;-0.010225036;2.68E-05;1609459800
11;0.0816;0.271988;0.002695452;2.68E-05;1609459860
12;0.0816;0.271988;0.000989871;2.68E-05;1609459920
13;0.0816;0.271988;-0.011393008;2.68E-05;1609459980
14;0.0816;0.271988;0.007110383;2.68E-05;1609460040
15;0.0816;0.271988;-0.018327609;2.68E-05;1609460100
16;0.0816;0.271988;0.054623491;2.68E-05;1609460160
17;0.0816;0.271988;0.016512242;2.68E-05;1609460220
18;0.0816;0.271988;-0.00599033;2.68E-05;1609460280
19;0.0816;0.271988;0.005552478;2.68E-05;1609460340
20;0.0816;0.271988;0.028832129;0.000113035;1609460400
21;0.0816;0.271988;-0.002514784;0.000113035;1609460460
22;0.0816;0.271988;0.011480398;0.000113035;1609460520
23;0.0816;0.271988;-0.000319471;0.000113035;1609460580
24;0.0816;0.271988;0.000186106;0.000113035;1609460640
25;0.0816;0.271988;-0.007974763;0.000113035;1609460700
26;0.0816;0.271988;-0.005026155;0.000113035;1609460760
27;0.0816;0.271988;0.014889907;0.000113035;1609460820
28;0.0816;0.271988;0.004670353;0.000113035;1609460880
29;0.0816;0.271988;-0.003891154;0.000113035;1609460940
30;0.0816;0.271988;-0.000334846;0.000267239;1609461000
31;0.0816;0.271988;0.002818598;0.000267239;1609461060
32;0.0816;0.271988;-0.013323676;0.000267239;1609461120
33;0.0816;0.271988;0.055200108;0.000267239;1609461180
34;0.0816;0.271988;-0.006343476;0.000267239;1609461240
35;0.0816;0.271988;0.022981998;0.000267239;1609461300
36;0.0816;0.271988;0.001964049;0.000267239;1609461360
37;0.0816;0.271988;0.011508323;0.000267239;1609461420
38;0.0816;0.271988;0.000945651;0.000267239;1609461480
39;0.0816;0.271988;0.004321653;0.000267239;1609461540
40;0.0816;0.271988;-0.00342643;0.00049804;1609461600
41;0.0816;0.271988;0.007934249;0.00049804;1609461660
42;0.0816;0.271988;-0.004447086;0.00049804;1609461720
43;0.0816;0.271988;0.001942442;0.00049804;1609461780
44;0.0816;0.271988;-0.01969874;0.00049804;1609461840
45;0.0816;0.271988;0.018043675;0.00049804;1609461900
46;0.0816;0.271988;-0.008307649;0.00049804;1609461960
47;0.0816;0.271988;0.020058626;0.00049804;1609462020
48;0.0816;0.271988;-0.025453544;0.00049804;1609462080
49;0.0816;0.271988;-0.029861777;0.00049804;1609462140
50;0.0816;0.271988;-0.005761725;0.000814045;1609462200
51;0.0816;0.271988;0.011703643;0.000814045;1609462260
52;0.0816;0.271988;-0.006075959;0.000814045;1609462320
53;0.0816;0.271988;0.007633107;0.000814045;1609462380
54;0.0816;0.271988;0.002435769;0.000814045;1609462440
55;0.0816;0.271988;0.009352843;0.000814045;1609462500
56;0.0816;0.271988;0.003330716;0.000814045;1609462560
57;0.0816;0.271988;0.016810023;0.000814045;1609462620
58;0.0816;0.271988;0.00880964;0.000814045;1609462680
59;0.0816;0.271988;0.00027497;0.000814045;1609462740
60;0.0816;0.267317;0.091872212;0.00122386;1609462800
61;0.0816;0.267317;0.004240044;0.00122386;1609462860
62;0.0816;0.267317;0.0221832;0.00122386;1609462920
63;0.0816;0.267317;0.007939928;0.00122386;1609462980
64;0.0816;0.267317;0.012404183;0.00122386;1609463040
65;0.0816;0.267317;0.039698304;0.00122386;1609463100
66;0.0816;0.267317;0.028688737;0.00122386;1609463160
67;0.0816;0.267317;0.014482288;0.00122386;1609463220
68;0.0816;0.267317;0.0253727;0.00122386;1609463280
69;0.0816;0.267317;0.016652058;0.00122386;1609463340
70;0.0816;0.267317;0.012245001;0.00173609;1609463400
71;0.0816;0.267317;0.019383239;0.00173609;1609463460
72;0.0816;0.267317;0.014533624;0.00173609;1609463520
73;0.0816;0.267317;0.019494868;0.00173609;1609463580
74;0.0816;0.267317;0.02519566;0.00173609;1609463640
75;0.0816;0.267317;-0.015338951;0.00173609;1609463700
76;0.0816;0.267317;0.025228479;0.00173609;1609463760
77;0.0816;0.267317;0.08667049;0.00173609;1609463820
78;0.0816;0.267317;0.017474074;0.00173609;1609463880
79;0.0816;0.267317;0.042092167;0.00173609;1609463940
80;0.0816;0.267317;0.040529724;0.002359342;1609464000
81;0.0816;0.267317;0.019500756;0.002359342;1609464060
82;0.0816;0.267317;0.031145149;0.002359342;1609464120
83;0.0816;0.267317;0.027957452;0.002359342;1609464180
84;0.0816;0.267317;0.036615177;0.002359342;1609464240
85;0.0816;0.267317;0.042660926;0.002359342;1609464300
86;0.0816;0.267317;0.030513836;0.002359342;1609464360
87;0.0816;0.267317;0.032623065;0.002359342;1609464420
88;0.0816;0.267317;0.023355853;0.002359342;1609464480
89;0.0816;0.267317;0.027606771;0.002359342;1609464540
90;0.0816;0.267317;-0.017143649;0.003102221;1609464600
91;0.0816;0.267317;0.029768199;0.003102221;1609464660
92;0.0816;0.267317;0.034788324;0.003102221;1609464720
93;0.0816;0.267317;0.092077608;0.003102221;1609464780
94;0.0816;0.267317;0.044085685;0.003102221;1609464840
95;0.0816;0.267317;0.043216815;0.003102221;1609464900
96;0.0816;0.267317;0.044767714;0.003102221;1609464960
97;0.0816;0.267317;0.048044522;0.003102221;1609465020
98;0.0816;0.267317;0.042692016;0.003102221;1609465080
99;0.0816;0.267317;0.041804691;0.003102221;1609465140
100;0.0816;0.267317;0.039759922;0.003973333;1609465200
101;0.0816;0.267317;0.035675294;0.003973333;1609465260
102;0.0816;0.267317;0.046020396;0.003973333;1609465320
103;0.0816;0.267317;0.043598832;0.003973333;1609465380
104;0.0816;0.267317;0.039874787;0.003973333;1609465440
105;0.0816;0.267317;0.036299921;0.003973333;1609465500
106;0.0816;0.267317;0.061615229;0.003973333;1609465560
107;0.0816;0.267317;0.049787899;0.003973333;1609465620
108;0.0816;0.267317;0.03775362;0.003973333;1609465680
109;0.0816;0.267317;0.053019441;0.003973333;1609465740
110;0.0816;0.267317;0.068245759;0.004981284;1609465800
111;0.0816;0.267317;0.058361622;0.004981284;1609465860
112;0.0816;0.267317;0.069473605;0.004981284;1609465920
113;0.0816;0.267317;0.067871155;0.004981284;1609465980
114;0.0816;0.267317;0.058515335;0.004981284;1609466040
115;0.0816;0.267317;0.059945877;0.004981284;1609466100
116;0.0816;0.267317;0.069369005;0.004981284;1609466160
117;0.0816;0.267317;0.060956511;0.004981284;1609466220
118;0.0816;0.267317;0.064551884;0.004981284;1609466280
119;0.0816;0.267317;0.049378641;0.004981284;1609466340
120;0.0816;0.264428;0.114743034;0.00613468;1609466400
121;0.0816;0.264428;0.08392654;0.00613468;1609466460
122;0.0816;0.264428;0.041550618;0.00613468;1609466520
123;0.0816;0.264428;0.030480925;0.00613468;1609466580
124;0.0816;0.264428;0.059997112;0.00613468;1609466640
125;0.0816;0.264428;0.095437501;0.00613468;1609466700
126;0.0816;0.264428;0.075431356;0.00613468;1609466760
127;0.0816;0.264428;0.070010713;0.00613468;1609466820
128;0.0816;0.264428;0.085529037;0.00613468;1609466880
129;0.0816;0.264428;0.075023763;0.00613468;1609466940
130;0.0816;0.264428;0.093146233;0.007442127;1609467000
131;0.0816;0.264428;0.070376876;0.007442127;1609467060
132;0.0816;0.264428;0.090050755;0.007442127;1609467120
133;0.0816;0.264428;0.085110214;0.007442127;1609467180
134;0.0816;0.264428;0.10811184;0.007442127;1609467240
135;0.0816;0.264428;0.076025029;0.007442127;1609467300
136;0.0816;0.264428;0.073708473;0.007442127;1609467360
137;0.0816;0.264428;0.064918983;0.007442127;1609467420
138;0.0816;0.264428;0.111752963;0.007442127;1609467480
139;0.0816;0.264428;0.120002413;0.007442127;1609467540
140;0.0816;0.264428;0.124980517;0.00891223;1609467600
141;0.0816;0.264428;0.108152297;0.00891223;1609467660
142;0.0816;0.264428;0.096777767;0.00891223;1609467720
143;0.0816;0.264428;0.103008333;0.00891223;1609467780
144;0.0816;0.264428;0.105070487;0.00891223;1609467840
145;0.0816;0.264428;0.100566824;0.00891223;1609467900
146;0.0816;0.264428;0.105407535;0.00891223;1609467960
147;0.0816;0.264428;0.11176775;0.00891223;1609468020
148;0.0816;0.264428;0.095094742;0.00891223;1609468080
149;0.0816;0.264428;0.072492955;0.00891223;1609468140
150;0.0816;0.264428;0.118397328;0.010553596;1609468200
151;0.0816;0.264428;0.116225243;0.010553596;1609468260
152;0.0816;0.264428;0.139240582;0.010553596;1609468320
153;0.0816;0.264428;0.158195864;0.010553596;1609468380
154;0.0816;0.264428;0.07194507;0.010553596;1609468440
155;0.0816;0.264428;0.140418884;0.010553596;1609468500
156;0.0816;0.264428;0.115727503;0.010553596;1609468560
157;0.0816;0.264428;0.135032948;0.010553596;1609468620
158;0.0816;0.264428;0.136414324;0.010553596;1609468680
159;0.0816;0.264428;0.131268326;0.010553596;1609468740
160;0.0816;0.264428;0.118818682;0.012374829;1609468800
161;0.0816;0.264428;0.133923452;0.012374829;1609468860
162;0.0816;0.264428;0.123296398;0.012374829;1609468920
163;0.0816;0.264428;0.130297026;0.012374829;1609468980
164;0.0816;0.264428;0.136850051;0.012374829;1609469040
165;0.0816;0.264428;0.026161832;0.012374829;1609469100
166;0.0816;0.264428;0.105758039;0.012374829;1609469160
167;0.0816;0.264428;0.130748152;0.012374829;1609469220
168;0.0816;0.264428;0.096333396;0.012374829;1609469280
169;0.0816;0.264428;0.220301992;0.012374829;1609469340
170;0.0816;0.264428;0.154639664;0.014384537;1609469400
171;0.0816;0.264428;0.157497817;0.014384537;1609469460
172;0.0816;0.264428;0.157984854;0.014384537;1609469520
173;0.0816;0.264428;0.151082036;0.014384537;1609469580
174;0.0816;0.264428;0.160887994;0.014384537;1609469640
175;0.0816;0.264428;0.156139884;0.014384537;1609469700
176;0.0816;0.264428;0.163970666;0.014384537;1609469760
177;0.0816;0.264428;0.158026448;0.014384537;1609469820
178;0.0816;0.264428;0.164161567;0.014384537;1609469880
179;0.0816;0.264428;0.150896625;0.014384537;1609469940
180;0.0816;0.263938;0.147875579;0.016591325;1609470000
181;0.0816;0.263938;0.182275523;0.016591325;1609470060
182;0.0816;0.263938;0.156686843;0.016591325;1609470120
183;0.0816;0.263938;0.197595595;0.016591325;1609470180
184;0.0816;0.263938;0.191252444;0.016591325;1609470240
185;0.0816;0.263938;0.202994919;0.016591325;1609470300
186;0.0816;0.263938;0.178448854;0.016591325;1609470360
187;0.0816;0.263938;0.192358903;0.016591325;1609470420
188;0.0816;0.263938;0.19811293;0.016591325;1609470480
189;0.0816;0.263938;0.193799111;0.016591325;1609470540
190;0.0816;0.263938;0.19108377;0.019003798;1609470600
191;0.0816;0.263938;0.200295763;0.019003798;1609470660
192;0.0816;0.263938;0.189071686;0.019003798;1609470720
193;0.0816;0.263938;0.195218361;0.019003798;1609470780
194;0.0816;0.263938;0.182012041;0.019003798;1609470840
195;0.0816;0.263938;0.259309012;0.019003798;1609470900
196;0.0816;0.263938;0.309732941;0.019003798;1609470960
197;0.0816;0.263938;0.312562595;0.019003798;1609471020
198;0.0816;0.263938;0.300299158;0.019003798;1609471080
199;0.0816;0.263938;0.36026304;0.019003798;1609471140
200;0.0816;0.263938;0.365812599;0.021630563;1609471200
201;0.0816;0.263938;0.385536776;0.021630563;1609471260
202;0.0816;0.263938;0.355917388;0.021630563;1609471320
203;0.0816;0.263938;0.357146767;0.021630563;1609471380
204;0.0816;0.263938;0.359792591;0.021630563;1609471440
205;0.0816;0.263938;0.360493907;0.021630563;1609471500
206;0.0816;0.263938;0.35394262;0.021630563;1609471560
207;0.0816;0.263938;0.362506135;0.021630563;1609471620
208;0.0816;0.263938;0.364895618;0.021630563;1609471680
209;0.0816;0.263938;0.434511497;0.021630563;1609471740
210;0.0816;0.263938;1.336490525;0.033612645;1609471800
211;0.0816;0.263938;1.799811083;0.033612645;1609471860
212;0.0816;0.263938;1.841650578;0.033612645;1609471920
213;0.0816;0.263938;1.826131741;0.033612645;1609471980
214;0.0816;0.263938;1.816311318;0.033612645;1609472040
215;0.0816;0.263938;1.884776016;0.033612645;1609472100
216;0.0816;0.263938;1.880035166;0.033612645;1609472160
217;0.0816;0.263938;1.870766882;0.033612645;1609472220
218;0.0816;0.263938;1.873607739;0.033612645;1609472280
219;0.0816;0.263938;1.883751541;0.033612645;1609472340
220;0.0816;0.263938;1.862547167;0.050392441;1609472400
221;0.0816;0.263938;1.870509128;0.050392441;1609472460
222;0.0816;0.263938;1.867466104;0.050392441;1609472520
223;0.0816;0.263938;1.883997788;0.050392441;1609472580
224;0.0816;0.263938;2.778047665;0.050392441;1609472640
225;0.0816;0.263938;7.872648075;0.050392441;1609472700
226;0.0816;0.263938;10.58169875;0.050392441;1609472760
227;0.0816;0.263938;10.63307356;0.050392441;1609472820
228;0.0816;0.263938;10.63968004;0.050392441;1609472880
229;0.0816;0.263938;10.68788807;0.050392441;1609472940
230;0.0816;0.263938;10.69062657;0.282024218;1609473000
231;0.0816;0.263938;10.68097155;0.282024218;1609473060
232;0.0816;0.263938;10.68701195;0.282024218;1609473120
233;0.0816;0.263938;10.66877477;0.282024218;1609473180
234;0.0816;0.263938;10.67777747;0.282024218;1609473240
235;0.0816;0.263938;10.66584743;0.282024218;1609473300
236;0.0816;0.263938;10.67823781;0.282024218;1609473360
237;0.0816;0.263938;10.67438037;0.282024218;1609473420
238;0.0816;0.263938;10.6849558;0.282024218;1609473480
239;0.0816;0.263938;12.35389791;0.282024218;1609473540
240;0.0816;0.268388;20.68416558;0.860936673;1609473600
241;0.0816;0.268388;24.8757872;0.860936673;1609473660
242;0.0816;0.268388;25.44845054;0.860936673;1609473720
243;0.0816;0.268388;25.58205842;0.860936673;1609473780
244;0.0816;0.268388;25.58375439;0.860936673;1609473840
245;0.0816;0.268388;25.61115166;0.860936673;1609473900
246;0.0816;0.268388;25.60335879;0.860936673;1609473960
247;0.0816;0.268388;25.61594438;0.860936673;1609474020
248;0.0816;0.268388;25.60911346;0.860936673;1609474080
249;0.0816;0.268388;25.6077407;0.860936673;1609474140
250;0.0816;0.268388;25.61671248;1.773439783;1609474200
251;0.0816;0.268388;25.6034727;1.773439783;1609474260
252;0.0816;0.268388;25.61628365;1.773439783;1609474320
253;0.0816;0.268388;25.60498635;1.773439783;1609474380
254;0.0816;0.268388;29.0819466;1.773439783;1609474440
255;0.0816;0.268388;45.78336442;1.773439783;1609474500
256;0.0816;0.268388;55.63949961;1.773439783;1609474560
257;0.0816;0.268388;57.34632613;1.773439783;1609474620
258;0.0816;0.268388;58.32417247;1.773439783;1609474680
259;0.0816;0.268388;58.86885873;1.773439783;1609474740
260;0.0816;0.268388;58.93035853;3.302647175;1609474800
261;0.0816;0.268388;58.93776806;3.302647175;1609474860
262;0.0816;0.268388;58.91435599;3.302647175;1609474920
263;0.0816;0.268388;58.9248461;3.302647175;1609474980
264;0.0816;0.268388;58.92305911;3.302647175;1609475040
265;0.0816;0.268388;58.92339438;3.302647175;1609475100
266;0.0816;0.268388;58.91685387;3.302647175;1609475160
267;0.0816;0.268388;58.93092115;3.302647175;1609475220
268;0.0816;0.268388;58.89764635;3.302647175;1609475280
269;0.0816;0.268388;64.35752561;3.302647175;1609475340
270;0.0816;0.268388;88.73080621;5.389206726;1609475400
271;0.0816;0.268388;100.2212417;5.389206726;1609475460
272;0.0816;0.268388;102.5624078;5.389206726;1609475520
273;0.0816;0.268388;105.3180729;5.389206726;1609475580
274;0.0816;0.268388;107.3235251;5.389206726;1609475640
275;0.0816;0.268388;107.7907314;5.389206726;1609475700
276;0.0816;0.268388;107.7800423;5.389206726;1609475760
277;0.0816;0.268388;107.8074931;5.389206726;1609475820
278;0.0816;0.268388;107.7750441;5.389206726;1609475880
279;0.0816;0.268388;107.77776;5.389206726;1609475940
280;0.0816;0.268388;107.7847517;8.498880464;1609476000
281;0.0816;0.268388;107.7863169;8.498880464;1609476060
282;0.0816;0.268388;107.7769771;8.498880464;1609476120
283;0.0816;0.268388;107.7788277;8.498880464;1609476180
284;0.0816;0.268388;112.8659048;8.498880464;1609476240
285;0.0816;0.268388;140.5306266;8.498880464;1609476300
286;0.0816;0.268388;156.8869104;8.498880464;1609476360
287;0.0816;0.268388;160.5140137;8.498880464;1609476420
288;0.0816;0.268388;166.4227868;8.498880464;1609476480
289;0.0816;0.268388;173.6689751;8.498880464;1609476540
290;0.0816;0.268388;175.3828272;13.38053545;1609476600
291;0.0816;0.268388;175.3873769;13.38053545;1609476660
292;0.0816;0.268388;175.3941491;13.38053545;1609476720
293;0.0816;0.268388;175.3865062;13.38053545;1609476780
294;0.0816;0.268388;175.3866338;13.38053545;1609476840
295;0.0816;0.268388;175.3909082;13.38053545;1609476900
296;0.0816;0.268388;175.3927698;13.38053545;1609476960
297;0.0816;0.268388;175.375369;13.38053545;1609477020
298;0.0816;0.268388;175.3744302;13.38053545;1609477080
299;0.0816;0.268388;179.1183454;13.38053545;1609477140
300;0.0816;0.283721;202.7000459;17.49536749;1609477200
301;0.0816;0.283721;221.2362161;17.49536749;1609477260
302;0.0816;0.283721;226.4856277;17.49536749;1609477320
303;0.0816;0.283721;236.2822619;17.49536749;1609477380
304;0.0816;0.283721;246.7588361;17.49536749;1609477440
305;0.0816;0.283721;249.5042148;17.49536749;1609477500
306;0.0816;0.283721;249.5101289;17.49536749;1609477560
307;0.0816;0.283721;249.5088485;17.49536749;1609477620
308;0.0816;0.283721;249.5053938;17.49536749;1609477680
309;0.0816;0.283721;249.5136884;17.49536749;1609477740
310;0.0816;0.283721;249.5088041;22.3867642;1609477800
311;0.0816;0.283721;249.5001508;22.3867642;1609477860
312;0.0816;0.283721;249.5004221;22.3867642;1609477920
313;0.0816;0.283721;249.4949071;22.3867642;1609477980
314;0.0816;0.283721;258.5889818;22.3867642;1609478040
315;0.0816;0.283721;301.7986711;22.3867642;1609478100
316;0.0816;0.283721;321.4161021;22.3867642;1609478160
317;0.0816;0.283721;326.9566323;22.3867642;1609478220
318;0.0816;0.283721;341.4156421;22.3867642;1609478280
319;0.0816;0.283721;365.2337311;22.3867642;1609478340
320;0.0816;0.283721;371.6727743;29.61637801;1609478400
321;0.0816;0.283721;371.6716166;29.61637801;1609478460
322;0.0816;0.283721;371.6718209;29.61637801;1609478520
323;0.0816;0.283721;371.6769833;29.61637801;1609478580
324;0.0816;0.283721;371.6728945;29.61637801;1609478640
325;0.0816;0.283721;371.6778864;29.61637801;1609478700
326;0.0816;0.283721;371.6719638;29.61637801;1609478760
327;0.0816;0.283721;371.6782716;29.61637801;1609478820
328;0.0816;0.283721;371.6659185;29.61637801;1609478880
329;0.0816;0.283721;377.2025999;29.61637801;1609478940
330;0.0816;0.283721;407.3115149;37.84175178;1609479000
331;0.0816;0.283721;422.2736255;37.84175178;1609479060
332;0.0816;0.283721;431.1061156;37.84175178;1609479120
333;0.0816;0.283721;442.2238099;37.84175178;1609479180
334;0.0816;0.283721;466.8156745;37.84175178;1609479240
335;0.0816;0.283721;473.9294591;37.84175178;1609479300
336;0.0816;0.283721;473.9371393;37.84175178;1609479360
337;0.0816;0.283721;473.9415618;37.84175178;1609479420
338;0.0816;0.283721;473.9156502;37.84175178;1609479480
339;0.0816;0.283721;473.9350565;37.84175178;1609479540
340;0.0816;0.283721;473.9280079;45.50581648;1609479600
341;0.0816;0.283721;473.9452978;45.50581648;1609479660
342;0.0816;0.283721;473.9368274;45.50581648;1609479720
343;0.0816;0.283721;473.9338023;45.50581648;1609479780
344;0.0816;0.283721;478.9214668;45.50581648;1609479840
345;0.0816;0.283721;509.1090998;45.50581648;1609479900
346;0.0816;0.283721;528.7639444;45.50581648;1609479960
347;0.0816;0.283721;544.9067283;45.50581648;1609480020
348;0.0816;0.283721;566.5847172;45.50581648;1609480080
349;0.0816;0.283721;604.8234865;45.50581648;1609480140
350;0.0816;0.283721;612.8768019;54.35287297;1609480200
351;0.0816;0.283721;612.8674837;54.35287297;1609480260
352;0.0816;0.283721;612.8760121;54.35287297;1609480320
353;0.0816;0.283721;612.872869;54.35287297;1609480380
354;0.0816;0.283721;612.8722015;54.35287297;1609480440
355;0.0816;0.283721;612.8745281;54.35287297;1609480500
356;0.0816;0.283721;612.8832447;54.35287297;1609480560
357;0.0816;0.283721;612.885539;54.35287297;1609480620
358;0.0816;0.283721;612.8864298;54.35287297;1609480680
359;0.0816;0.283721;623.353097;54.35287297;1609480740
360;0.0816;0.301757;660.8255836;62.57014446;1609480800
361;0.0816;0.301757;688.0360465;62.57014446;1609480860
362;0.0816;0.301757;706.5396488;62.57014446;1609480920
363;0.0816;0.301757;729.4562684;62.57014446;1609480980
364;0.0816;0.301757;765.0775134;62.57014446;1609481040
365;0.0816;0.301757;771.8858427;62.57014446;1609481100
366;0.0816;0.301757;771.8792721;62.57014446;1609481160
367;0.0816;0.301757;771.8591265;62.57014446;1609481220
368;0.0816;0.301757;771.8743993;62.57014446;1609481280
369;0.0816;0.301757;771.8653291;62.57014446;1609481340
370;0.0816;0.301757;771.8757305;73.60969434;1609481400
371;0.0816;0.301757;771.8646992;73.60969434;1609481460
372;0.0816;0.301757;771.8640067;73.60969434;1609481520
373;0.0816;0.301757;771.8583869;73.60969434;1609481580
374;0.0816;0.301757;782.467256;73.60969434;1609481640
375;0.0816;0.301757;831.4838767;73.60969434;1609481700
376;0.0816;0.301757;868.6654675;73.60969434;1609481760
377;0.0816;0.301757;890.9939011;73.60969434;1609481820
378;0.0816;0.301757;915.1093964;73.60969434;1609481880
379;0.0816;0.301757;974.6133522;73.60969434;1609481940
380;0.0816;0.301757;986.1672368;87.9098874;1609482000
381;0.0816;0.301757;986.1901013;87.9098874;1609482060
382;0.0816;0.301757;986.1676266;87.9098874;1609482120
383;0.0816;0.301757;986.1784656;87.9098874;1609482180
384;0.0816;0.301757;986.1781555;87.9098874;1609482240
385;0.0816;0.301757;986.1752992;87.9098874;1609482300
386;0.0816;0.301757;986.1790756;87.9098874;1609482360
387;0.0816;0.301757;986.1864474;87.9098874;1609482420
388;0.0816;0.301757;986.183544;87.9098874;1609482480
389;0.0816;0.301757;989.526092;87.9098874;1609482540
390;0.0816;0.301757;1023.30097;101.6853441;1609482600
391;0.0816;0.301757;1049.726476;101.6853441;1609482660
392;0.0816;0.301757;1065.537186;101.6853441;1609482720
393;0.0816;0.301757;1091.248167;101.6853441;1609482780
394;0.0816;0.301757;1138.711936;101.6853441;1609482840
395;0.0816;0.301757;1151.137981;101.6853441;1609482900
396;0.0816;0.301757;1151.106284;101.6853441;1609482960
397;0.0816;0.301757;1151.109627;101.6853441;1609483020
398;0.0816;0.301757;1151.112778;101.6853441;1609483080
399;0.0816;0.301757;1151.112428;101.6853441;1609483140
400;0.0816;0.301757;1151.100064;113.9041096;1609483200
401;0.0816;0.301757;1151.120522;113.9041096;1609483260
402;0.0816;0.301757;1151.099207;113.9041096;1609483320
403;0.0816;0.301757;1151.113867;113.9041096;1609483380
404;0.0816;0.301757;1164.167967;113.9041096;1609483440
405;0.0816;0.301757;1218.123156;113.9041096;1609483500
406;0.0816;0.301757;1253.013085;113.9041096;1609483560
407;0.0816;0.301757;1277.465599;113.9041096;1609483620
408;0.0816;0.301757;1300.140779;113.9041096;1609483680
409;0.0816;0.301757;1356.06351;113.9041096;1609483740
410;0.0816;0.301757;1373.101997;127.6666667;1609483800
411;0.0816;0.301757;1373.111791;127.6666667;1609483860
412;0.0816;0.301757;1373.128459;127.6666667;1609483920
413;0.0816;0.301757;1373.124373;127.6666667;1609483980
414;0.0816;0.301757;1373.122054;127.6666667;1609484040
415;0.0816;0.301757;1373.117423;127.6666667;1609484100
416;0.0816;0.301757;1373.120853;127.6666667;1609484160
417;0.0816;0.301757;1373.130852;127.6666667;1609484220
418;0.0816;0.301757;1373.106154;127.6666667;1609484280
419;0.0816;0.301757;1378.348371;127.6666667;1609484340
420;0.0816;0.315399;1435.445267;141.2283105;1609484400
421;0.0816;0.315399;1473.222998;141.2283105;1609484460
422;0.0816;0.315399;1498.498974;141.2283105;1609484520
423;0.0816;0.315399;1520.699236;141.2283105;1609484580
424;0.0816;0.315399;1575.585636;141.2283105;1609484640
425;0.0816;0.315399;1589.689275;141.2283105;1609484700
426;0.0816;0.315399;1589.728625;141.2283105;1609484760
427;0.0816;0.315399;1589.717945;141.2283105;1609484820
428;0.0816;0.315399;1589.724628;141.2283105;1609484880
429;0.0816;0.315399;1589.716505;141.2283105;1609484940
430;0.0816;0.315399;1589.720293;155.716895;1609485000
431;0.0816;0.315399;1589.717993;155.716895;1609485060
432;0.0816;0.315399;1589.720936;155.716895;1609485120
433;0.0816;0.315399;1589.740169;155.716895;1609485180
434;0.0816;0.315399;1597.34042;155.716895;1609485240
435;0.0816;0.315399;1646.966351;155.716895;1609485300
436;0.0816;0.315399;1696.249052;155.716895;1609485360
437;0.0816;0.315399;1720.448063;155.716895;1609485420
438;0.0816;0.315399;1749.727057;155.716895;1609485480
439;0.0816;0.315399;1812.208804;155.716895;1609485540
440;0.0816;0.315399;1832.116044;174.6164384;1609485600
441;0.0816;0.315399;1832.147104;174.6164384;1609485660
442;0.0816;0.315399;1832.142961;174.6164384;1609485720
443;0.0816;0.315399;1832.143763;174.6164384;1609485780
444;0.0816;0.315399;1832.138307;174.6164384;1609485840
445;0.0816;0.315399;1832.154377;174.6164384;1609485900
446;0.0816;0.315399;1832.141185;174.6164384;1609485960
447;0.0816;0.315399;1832.155911;174.6164384;1609486020
448;0.0816;0.315399;1832.156505;174.6164384;1609486080
449;0.0816;0.315399;1834.390887;174.6164384;1609486140
450;0.0816;0.315399;1889.062188;188.173516;1609486200
451;0.0816;0.315399;1927.123047;188.173516;1609486260
452;0.0816;0.315399;1940.351099;188.173516;1609486320
453;0.0816;0.315399;1960.227165;188.173516;1609486380
454;0.0816;0.315399;2014.365187;188.173516;1609486440
455;0.0816;0.315399;2032.017145;188.173516;1609486500
456;0.0816;0.315399;2032.06668;188.173516;1609486560
457;0.0816;0.315399;2032.065897;188.173516;1609486620
458;0.0816;0.315399;2032.067542;188.173516;1609486680
459;0.0816;0.315399;2032.057948;188.173516;1609486740
460;0.0816;0.315399;2032.058506;203.6484018;1609486800
461;0.0816;0.315399;2032.062873;203.6484018;1609486860
462;0.0816;0.315399;2032.066607;203.6484018;1609486920
463;0.0816;0.315399;2032.0731;203.6484018;1609486980
464;0.0816;0.315399;2049.896417;203.6484018;1609487040
465;0.0816;0.315399;2083.928621;203.6484018;1609487100
466;0.0816;0.315399;2128.038255;203.6484018;1609487160
467;0.0816;0.315399;2146.208121;203.6484018;1609487220
468;0.0816;0.315399;2177.219067;203.6484018;1609487280
469;0.0816;0.315399;2251.440462;203.6484018;1609487340
470;0.0816;0.315399;2269.926334;218.9543379;1609487400
471;0.0816;0.315399;2269.966558;218.9543379;1609487460
472;0.0816;0.315399;2269.973106;218.9543379;1609487520
473;0.0816;0.315399;2269.966238;218.9543379;1609487580
474;0.0816;0.315399;2269.967562;218.9543379;1609487640
475;0.0816;0.315399;2270.034321;218.9543379;1609487700
476;0.0816;0.315399;2270.085421;218.9543379;1609487760
477;0.0816;0.315399;2270.108723;218.9543379;1609487820
478;0.0816;0.315399;2270.120967;218.9543379;1609487880
479;0.0816;0.315399;2281.959434;218.9543379;1609487940
480;0.0816;0.312738;2302.080949;234.2968037;1609488000
481;0.0816;0.312738;2317.663719;234.2968037;1609488060
482;0.0816;0.312738;2333.970185;234.2968037;1609488120
483;0.0816;0.312738;2359.853491;234.2968037;1609488180
484;0.0816;0.312738;2414.574792;234.2968037;1609488240
485;0.0816;0.312738;2429.836168;234.2968037;1609488300
486;0.0816;0.312738;2429.848723;234.2968037;1609488360
487;0.0816;0.312738;2429.860039;234.2968037;1609488420
488;0.0816;0.312738;2429.846258;234.2968037;1609488480
489;0.0816;0.312738;2429.85671;234.2968037;1609488540
490;0.0816;0.312738;2430.03901;246.0502283;1609488600
491;0.0816;0.312738;2430.177052;246.0502283;1609488660
492;0.0816;0.312738;2430.210316;246.0502283;1609488720
493;0.0816;0.312738;2430.244474;246.0502283;1609488780
494;0.0816;0.312738;2431.436839;246.0502283;1609488840
495;0.0816;0.312738;2493.249426;246.0502283;1609488900
496;0.0816;0.312738;2538.302665;246.0502283;1609488960
497;0.0816;0.312738;2559.646156;246.0502283;1609489020
498;0.0816;0.312738;2586.738247;246.0502283;1609489080
499;0.0816;0.312738;2652.863508;246.0502283;1609489140
500;0.0816;0.312738;2673.729702;258.913242;1609489200
501;0.0816;0.312738;2673.818146;258.913242;1609489260
502;0.0816;0.312738;2674.028844;258.913242;1609489320
503;0.0816;0.312738;2674.034583;258.913242;1609489380
504;0.0816;0.312738;2674.045279;258.913242;1609489440
505;0.0816;0.312738;2674.224433;258.913242;1609489500
506;0.0816;0.312738;2674.447937;258.913242;1609489560
507;0.0816;0.312738;2674.54374;258.913242;1609489620
508;0.0816;0.312738;2674.6602;258.913242;1609489680
509;0.0816;0.312738;2679.053973;258.913242;1609489740
510;0.0816;0.312738;2737.729898;274.2009132;1609489800
511;0.0816;0.312738;2788.255177;274.2009132;1609489860
512;0.0816;0.312738;2805.611886;274.2009132;1609489920
513;0.0816;0.312738;2836.469452;274.2009132;1609489980
514;0.0816;0.312738;2889.459595;274.2009132;1609490040
515;0.0816;0.312738;2905.577733;274.2009132;1609490100
516;0.0816;0.312738;2905.573601;274.2009132;1609490160
517;0.0816;0.312738;2905.590995;274.2009132;1609490220
518;0.0816;0.312738;2905.638535;274.2009132;1609490280
519;0.0816;0.312738;2905.667762;274.2009132;1609490340
520;0.0816;0.312738;2905.920711;289.7899543;1609490400
521;0.0816;0.312738;2906.079766;289.7899543;1609490460
522;0.0816;0.312738;2906.152731;289.7899543;1609490520
523;0.0816;0.312738;2906.202009;289.7899543;1609490580
524;0.0816;0.312738;2913.175939;289.7899543;1609490640
525;0.0816;0.312738;2931.749818;289.7899543;1609490700
526;0.0816;0.312738;2952.483534;289.7899543;1609490760
527;0.0816;0.312738;2970.270415;289.7899543;1609490820
528;0.0816;0.312738;2982.411941;289.7899543;1609490880
529;0.0816;0.312738;3035.885214;289.7899543;1609490940
530;0.0816;0.312738;3055.353972;309.0228311;1609491000
531;0.0816;0.312738;3055.390492;309.0228311;1609491060
532;0.0816;0.312738;3055.482932;309.0228311;1609491120
533;0.0816;0.312738;3055.544825;309.0228311;1609491180
534;0.0816;0.312738;3055.575659;309.0228311;1609491240
535;0.0816;0.312738;3055.944252;309.0228311;1609491300
536;0.0816;0.312738;3056.183755;309.0228311;1609491360
537;0.0816;0.312738;3056.29719;309.0228311;1609491420
538;0.0816;0.312738;3056.370796;309.0228311;1609491480
539;0.0816;0.312738;3064.570313;309.0228311;1609491540
540;0.0816;0.30519;3111.120181;314.4840183;1609491600
541;0.0816;0.30519;3143.08051;314.4840183;1609491660
542;0.0816;0.30519;3159.042111;314.4840183;1609491720
543;0.0816;0.30519;3180.054784;314.4840183;1609491780
544;0.0816;0.30519;3225.600075;314.4840183;1609491840
545;0.0816;0.30519;3237.601377;314.4840183;1609491900
546;0.0816;0.30519;3237.629115;314.4840183;1609491960
547;0.0816;0.30519;3237.648876;314.4840183;1609492020
548;0.0816;0.30519;3237.685818;314.4840183;1609492080
549;0.0816;0.30519;3237.711758;314.4840183;1609492140
550;0.0816;0.30519;3238.052935;324.9086758;1609492200
551;0.0816;0.30519;3238.26697;324.9086758;1609492260
552;0.0816;0.30519;3238.354869;324.9086758;1609492320
553;0.0816;0.30519;3238.382412;324.9086758;1609492380
554;0.0816;0.30519;3250.115613;324.9086758;1609492440
555;0.0816;0.30519;3282.80419;324.9086758;1609492500
556;0.0816;0.30519;3317.037189;324.9086758;1609492560
557;0.0816;0.30519;3340.727395;324.9086758;1609492620
558;0.0816;0.30519;3370.886123;324.9086758;1609492680
559;0.0816;0.30519;3420.305503;324.9086758;1609492740
560;0.0816;0.30519;3429.68435;341.8995434;1609492800
561;0.0816;0.30519;3429.713441;341.8995434;1609492860
562;0.0816;0.30519;3429.812607;341.8995434;1609492920
563;0.0816;0.30519;3429.843415;341.8995434;1609492980
564;0.0816;0.30519;3429.886602;341.8995434;1609493040
565;0.0816;0.30519;3430.143807;341.8995434;1609493100
566;0.0816;0.30519;3430.217347;341.8995434;1609493160
567;0.0816;0.30519;3430.203727;341.8995434;1609493220
568;0.0816;0.30519;3430.154966;341.8995434;1609493280
569;0.0816;0.30519;3426.539877;341.8995434;1609493340
570;0.0816;0.30519;3462.493447;351.3561644;1609493400
571;0.0816;0.30519;3490.844083;351.3561644;1609493460
572;0.0816;0.30519;3503.78221;351.3561644;1609493520
573;0.0816;0.30519;3531.082257;351.3561644;1609493580
574;0.0816;0.30519;3582.038122;351.3561644;1609493640
575;0.0816;0.30519;3596.51702;351.3561644;1609493700
576;0.0816;0.30519;3596.517603;351.3561644;1609493760
577;0.0816;0.30519;3596.488585;351.3561644;1609493820
578;0.0816;0.30519;3596.560436;351.3561644;1609493880
579;0.0816;0.30519;3596.594578;351.3561644;1609493940
580;0.0816;0.30519;3596.560651;363.6712329;1609494000
581;0.0816;0.30519;3596.490912;363.6712329;1609494060
582;0.0816;0.30519;3596.431228;363.6712329;1609494120
583;0.0816;0.30519;3596.308789;363.6712329;1609494180
584;0.0816;0.30519;3607.997922;363.6712329;1609494240
585;0.0816;0.30519;3648.961322;363.6712329;1609494300
586;0.0816;0.30519;3683.128854;363.6712329;1609494360
587;0.0816;0.30519;3695.718311;363.6712329;1609494420
588;0.0816;0.30519;3732.190628;363.6712329;1609494480
589;0.0816;0.30519;3779.037685;363.6712329;1609494540
590;0.0816;0.30519;3795.07308;376.1780822;1609494600
591;0.0816;0.30519;3795.098204;376.1780822;1609494660
592;0.0816;0.30519;3795.098938;376.1780822;1609494720
593;0.0816;0.30519;3795.268754;376.1780822;1609494780
594;0.0816;0.30519;3795.389632;376.1780822;1609494840
595;0.0816;0.30519;3795.420881;376.1780822;1609494900
596;0.0816;0.30519;3795.464726;376.1780822;1609494960
597;0.0816;0.30519;3795.464764;376.1780822;1609495020
598;0.0816;0.30519;3795.525906;376.1780822;1609495080
599;0.0816;0.30519;3810.506251;376.1780822;1609495140
600;0.0816;0.298575;3824.970068;389.0593607;1609495200
601;0.0816;0.298575;3849.706782;389.0593607;1609495260
602;0.0816;0.298575;3853.853695;389.0593607;1609495320
603;0.0816;0.298575;3849.137958;389.0593607;1609495380
604;0.0816;0.298575;3871.171995;389.0593607;1609495440
605;0.0816;0.298575;3877.706382;389.0593607;1609495500
606;0.0816;0.298575;3877.736332;389.0593607;1609495560
607;0.0816;0.298575;3877.781066;389.0593607;1609495620
608;0.0816;0.298575;3877.864494;389.0593607;1609495680
609;0.0816;0.298575;3877.952389;389.0593607;1609495740
610;0.0816;0.298575;3877.797302;397.6210046;1609495800
611;0.0816;0.298575;3877.937191;397.6210046;1609495860
612;0.0816;0.298575;3878.052834;397.6210046;1609495920
613;0.0816;0.298575;3878.200697;397.6210046;1609495980
614;0.0816;0.298575;3873.567089;397.6210046;1609496040
615;0.0816;0.298575;3907.801901;397.6210046;1609496100
616;0.0816;0.298575;3956.555343;397.6210046;1609496160
617;0.0816;0.298575;3974.663456;397.6210046;1609496220
618;0.0816;0.298575;3981.135211;397.6210046;1609496280
619;0.0816;0.298575;3979.445313;397.6210046;1609496340
620;0.0816;0.298575;3984.886087;401.5205479;1609496400
621;0.0816;0.298575;3984.991537;401.5205479;1609496460
622;0.0816;0.298575;3985.098096;401.5205479;1609496520
623;0.0816;0.298575;3985.15861;401.5205479;1609496580
624;0.0816;0.298575;3985.197711;401.5205479;1609496640
625;0.0816;0.298575;3984.918652;401.5205479;1609496700
626;0.0816;0.298575;3984.859366;401.5205479;1609496760
627;0.0816;0.298575;3984.878435;401.5205479;1609496820
628;0.0816;0.298575;3984.937321;401.5205479;1609496880
629;0.0816;0.298575;3988.446679;401.5205479;1609496940
630;0.0816;0.298575;3981.430941;407.6347032;1609497000
631;0.0816;0.298575;3981.598543;407.6347032;1609497060
632;0.0816;0.298575;3992.393075;407.6347032;1609497120
633;0.0816;0.298575;3995.833888;407.6347032;1609497180
634;0.0816;0.298575;4019.875996;407.6347032;1609497240
635;0.0816;0.298575;4027.322591;407.6347032;1609497300
636;0.0816;0.298575;4027.274194;407.6347032;1609497360
637;0.0816;0.298575;4027.248377;407.6347032;1609497420
638;0.0816;0.298575;4027.193423;407.6347032;1609497480
639;0.0816;0.298575;4027.170088;407.6347032;1609497540
640;0.0816;0.298575;4027.027289;417.2009132;1609497600
641;0.0816;0.298575;4027.078907;417.2009132;1609497660
642;0.0816;0.298575;4027.098021;417.2009132;1609497720
643;0.0816;0.298575;4027.218789;417.2009132;1609497780
644;0.0816;0.298575;4039.87063;417.2009132;1609497840
645;0.0816;0.298575;4039.60799;417.2009132;1609497900
646;0.0816;0.298575;4043.425793;417.2009132;1609497960
647;0.0816;0.298575;4039.016015;417.2009132;1609498020
648;0.0816;0.298575;4038.271617;417.2009132;1609498080
649;0.0816;0.298575;4080.815058;417.2009132;1609498140
650;0.0816;0.298575;4082.134756;413.9406393;1609498200
651;0.0816;0.298575;4082.324649;413.9406393;1609498260
652;0.0816;0.298575;4082.533189;413.9406393;1609498320
653;0.0816;0.298575;4082.531251;413.9406393;1609498380
654;0.0816;0.298575;4082.537385;413.9406393;1609498440
655;0.0816;0.298575;4082.51329;413.9406393;1609498500
656;0.0816;0.298575;4082.633419;413.9406393;1609498560
657;0.0816;0.298575;4082.70544;413.9406393;1609498620
658;0.0816;0.298575;4082.790387;413.9406393;1609498680
659;0.0816;0.298575;4082.803261;413.9406393;1609498740
660;0.0816;0.293453;4114.502306;416.1689498;1609498800
661;0.0816;0.293453;4106.406058;416.1689498;1609498860
662;0.0816;0.293453;4124.655255;416.1689498;1609498920
663;0.0816;0.293453;4123.137526;416.1689498;1609498980
664;0.0816;0.293453;4118.874064;416.1689498;1609499040
665;0.0816;0.293453;4125.018164;416.1689498;1609499100
666;0.0816;0.293453;4125.20194;416.1689498;1609499160
667;0.0816;0.293453;4125.367699;416.1689498;1609499220
668;0.0816;0.293453;4125.378063;416.1689498;1609499280
669;0.0816;0.293453;4125.396217;416.1689498;1609499340
670;0.0816;0.293453;4125.467239;428.6420963;1609499400
671;0.0816;0.293453;4125.530176;428.6420963;1609499460
672;0.0816;0.293453;4125.544223;428.6420963;1609499520
673;0.0816;0.293453;4125.524129;428.6420963;1609499580
674;0.0816;0.293453;4114.880656;428.6420963;1609499640
675;0.0816;0.293453;4103.614368;428.6420963;1609499700
676;0.0816;0.293453;4111.439314;428.6420963;1609499760
677;0.0816;0.293453;4102.049639;428.6420963;1609499820
678;0.0816;0.293453;4095.216141;428.6420963;1609499880
679;0.0816;0.293453;4075.876394;428.6420963;1609499940
680;0.0816;0.293453;4073.046033;422.5748572;1609500000
681;0.0816;0.293453;4072.980758;422.5748572;1609500060
682;0.0816;0.293453;4072.838363;422.5748572;1609500120
683;0.0816;0.293453;4072.739508;422.5748572;1609500180
684;0.0816;0.293453;4072.705007;422.5748572;1609500240
685;0.0816;0.293453;4072.537748;422.5748572;1609500300
686;0.0816;0.293453;4072.452012;422.5748572;1609500360
687;0.0816;0.293453;4072.412427;422.5748572;1609500420
688;0.0816;0.293453;4072.350377;422.5748572;1609500480
689;0.0816;0.293453;4077.115046;422.5748572;1609500540
690;0.0816;0.293453;4086.704723;416.3661941;1609500600
691;0.0816;0.293453;4110.779227;416.3661941;1609500660
692;0.0816;0.293453;4127.43352;416.3661941;1609500720
693;0.0816;0.293453;4139.004051;416.3661941;1609500780
694;0.0816;0.293453;4145.457488;416.3661941;1609500840
695;0.0816;0.293453;4136.650115;416.3661941;1609500900
696;0.0816;0.293453;4136.566576;416.3661941;1609500960
697;0.0816;0.293453;4136.460372;416.3661941;1609501020
698;0.0816;0.293453;4136.3692;416.3661941;1609501080
699;0.0816;0.293453;4136.334824;416.3661941;1609501140
700;0.0816;0.293453;4136.260577;425.7210049;1609501200
701;0.0816;0.293453;4136.15;425.7210049;1609501260
702;0.0816;0.293453;4136.120383;425.7210049;1609501320
703;0.0816;0.293453;4136.272622;425.7210049;1609501380
704;0.0816;0.293453;4139.366638;425.7210049;1609501440
705;0.0816;0.293453;4093.65813;425.7210049;1609501500
706;0.0816;0.293453;4068.116419;425.7210049;1609501560
707;0.0816;0.293453;4067.260802;425.7210049;1609501620
708;0.0816;0.293453;4067.247285;425.7210049;1609501680
709;0.0816;0.293453;4039.350661;425.7210049;1609501740
710;0.0816;0.293453;4037.669138;425.6775207;1609501800
711;0.0816;0.293453;4037.738641;425.6775207;1609501860
712;0.0816;0.293453;4037.8831;425.6775207;1609501920
713;0.0816;0.293453;4037.825185;425.6775207;1609501980
714;0.0816;0.293453;4037.830907;425.6775207;1609502040
715;0.0816;0.293453;4037.707128;425.6775207;1609502100
716;0.0816;0.293453;4037.817802;425.6775207;1609502160
717;0.0816;0.293453;4037.846085;425.6775207;1609502220
718;0.0816;0.293453;4037.764593;425.6775207;1609502280
719;0.0816;0.293453;4041.929696;425.6775207;1609502340
720;0.0816;0.286188;4036.206905;418.1598174;1609502400
721;0.0816;0.286188;4018.319773;418.1598174;1609502460
722;0.0816;0.286188;4014.438517;418.1598174;1609502520
723;0.0816;0.286188;3995.180858;418.1598174;1609502580
724;0.0816;0.286188;3985.499336;418.1598174;1609502640
725;0.0816;0.286188;3990.423089;418.1598174;1609502700
726;0.0816;0.286188;3990.437195;418.1598174;1609502760
727;0.0816;0.286188;3990.504102;418.1598174;1609502820
728;0.0816;0.286188;3990.486983;418.1598174;1609502880
729;0.0816;0.286188;3990.478545;418.1598174;1609502940
730;0.0816;0.286188;3990.444358;411.260274;1609503000
731;0.0816;0.286188;3990.610745;411.260274;1609503060
732;0.0816;0.286188;3990.728042;411.260274;1609503120
733;0.0816;0.286188;3990.694074;411.260274;1609503180
734;0.0816;0.286188;3986.47372;411.260274;1609503240
735;0.0816;0.286188;3963.122032;411.260274;1609503300
736;0.0816;0.286188;3956.301691;411.260274;1609503360
737;0.0816;0.286188;3956.303997;411.260274;1609503420
738;0.0816;0.286188;3963.632158;411.260274;1609503480
739;0.0816;0.286188;3937.403437;411.260274;1609503540
740;0.0816;0.286188;3924.313635;411.2557078;1609503600
741;0.0816;0.286188;3924.252306;411.2557078;1609503660
742;0.0816;0.286188;3924.147261;411.2557078;1609503720
743;0.0816;0.286188;3924.081431;411.2557078;1609503780
744;0.0816;0.286188;3924.013699;411.2557078;1609503840
745;0.0816;0.286188;3923.645762;411.2557078;1609503900
746;0.0816;0.286188;3923.664811;411.2557078;1609503960
747;0.0816;0.286188;3923.674965;411.2557078;1609504020
748;0.0816;0.286188;3923.595141;411.2557078;1609504080
749;0.0816;0.286188;3930.256434;411.2557078;1609504140
750;0.0816;0.286188;3899.301933;407.1050228;1609504200
751;0.0816;0.286188;3874.120359;407.1050228;1609504260
752;0.0816;0.286188;3849.154139;407.1050228;1609504320
753;0.0816;0.286188;3856.243917;407.1050228;1609504380
754;0.0816;0.286188;3829.929415;407.1050228;1609504440
755;0.0816;0.286188;3818.435856;407.1050228;1609504500
756;0.0816;0.286188;3818.418682;407.1050228;1609504560
757;0.0816;0.286188;3818.382367;407.1050228;1609504620
758;0.0816;0.286188;3818.320719;407.1050228;1609504680
759;0.0816;0.286188;3818.31353;407.1050228;1609504740
760;0.0816;0.286188;3818.413688;399.5022831;1609504800
761;0.0816;0.286188;3818.415545;399.5022831;1609504860
762;0.0816;0.286188;3818.410381;399.5022831;1609504920
763;0.0816;0.286188;3818.213819;399.5022831;1609504980
764;0.0816;0.286188;3805.421862;399.5022831;1609505040
765;0.0816;0.286188;3818.119782;399.5022831;1609505100
766;0.0816;0.286188;3827.860061;399.5022831;1609505160
767;0.0816;0.286188;3819.58065;399.5022831;1609505220
768;0.0816;0.286188;3804.476479;399.5022831;1609505280
769;0.0816;0.286188;3787.543751;399.5022831;1609505340
770;0.0816;0.286188;3783.198657;391.3242009;1609505400
771;0.0816;0.286188;3783.157382;391.3242009;1609505460
772;0.0816;0.286188;3783.093387;391.3242009;1609505520
773;0.0816;0.286188;3783.0456;391.3242009;1609505580
774;0.0816;0.286188;3783.007373;391.3242009;1609505640
775;0.0816;0.286188;3782.90164;391.3242009;1609505700
776;0.0816;0.286188;3782.708298;391.3242009;1609505760
777;0.0816;0.286188;3782.680086;391.3242009;1609505820
778;0.0816;0.286188;3782.356594;391.3242009;1609505880
779;0.0816;0.286188;3765.845792;391.3242009;1609505940
780;0.0816;0.281761;3725.594512;394.3561644;1609506000
781;0.0816;0.281761;3687.985573;394.3561644;1609506060
782;0.0816;0.281761;3677.962647;394.3561644;1609506120
783;0.0816;0.281761;3646.17289;394.3561644;1609506180
784;0.0816;0.281761;3608.961752;394.3561644;1609506240
785;0.0816;0.281761;3596.988242;394.3561644;1609506300
786;0.0816;0.281761;3596.943168;394.3561644;1609506360
787;0.0816;0.281761;3596.842831;394.3561644;1609506420
788;0.0816;0.281761;3596.847366;394.3561644;1609506480
789;0.0816;0.281761;3596.850946;394.3561644;1609506540
790;0.0816;0.281761;3596.84038;381.6392694;1609506600
791;0.0816;0.281761;3596.7699;381.6392694;1609506660
792;0.0816;0.281761;3596.761545;381.6392694;1609506720
793;0.0816;0.281761;3596.705831;381.6392694;1609506780
794;0.0816;0.281761;3582.602768;381.6392694;1609506840
795;0.0816;0.281761;3553.204263;381.6392694;1609506900
796;0.0816;0.281761;3529.627571;381.6392694;1609506960
797;0.0816;0.281761;3506.6775;381.6392694;1609507020
798;0.0816;0.281761;3470.497389;381.6392694;1609507080
799;0.0816;0.281761;3402.264965;381.6392694;1609507140
800;0.0816;0.281761;3388.65859;366.5114155;1609507200
801;0.0816;0.281761;3388.663799;366.5114155;1609507260
802;0.0816;0.281761;3388.721518;366.5114155;1609507320
803;0.0816;0.281761;3388.647581;366.5114155;1609507380
804;0.0816;0.281761;3388.649517;366.5114155;1609507440
805;0.0816;0.281761;3388.671151;366.5114155;1609507500
806;0.0816;0.281761;3388.484217;366.5114155;1609507560
807;0.0816;0.281761;3388.449728;366.5114155;1609507620
808;0.0816;0.281761;3388.570861;366.5114155;1609507680
809;0.0816;0.281761;3391.991267;366.5114155;1609507740
810;0.0816;0.281761;3377.533679;355.1780822;1609507800
811;0.0816;0.281761;3339.633135;355.1780822;1609507860
812;0.0816;0.281761;3309.445426;355.1780822;1609507920
813;0.0816;0.281761;3276.963794;355.1780822;1609507980
814;0.0816;0.281761;3231.318283;355.1780822;1609508040
815;0.0816;0.281761;3222.621405;355.1780822;1609508100
816;0.0816;0.281761;3222.66539;355.1780822;1609508160
817;0.0816;0.281761;3222.731272;355.1780822;1609508220
818;0.0816;0.281761;3222.730072;355.1780822;1609508280
819;0.0816;0.281761;3222.686357;355.1780822;1609508340
820;0.0816;0.281761;3222.554613;342.1369863;1609508400
821;0.0816;0.281761;3222.383434;342.1369863;1609508460
822;0.0816;0.281761;3222.362993;342.1369863;1609508520
823;0.0816;0.281761;3222.424475;342.1369863;1609508580
824;0.0816;0.281761;3201.142672;342.1369863;1609508640
825;0.0816;0.281761;3179.502404;342.1369863;1609508700
826;0.0816;0.281761;3170.335223;342.1369863;1609508760
827;0.0816;0.281761;3170.53112;342.1369863;1609508820
828;0.0816;0.281761;3151.701053;342.1369863;1609508880
829;0.0816;0.281761;3088.153897;342.1369863;1609508940
830;0.0816;0.281761;3079.382298;330.5890411;1609509000
831;0.0816;0.281761;3079.413303;330.5890411;1609509060
832;0.0816;0.281761;3079.418082;330.5890411;1609509120
833;0.0816;0.281761;3079.410335;330.5890411;1609509180
834;0.0816;0.281761;3079.370413;330.5890411;1609509240
835;0.0816;0.281761;3079.265181;330.5890411;1609509300
836;0.0816;0.281761;3079.007203;330.5890411;1609509360
837;0.0816;0.281761;3078.976572;330.5890411;1609509420
838;0.0816;0.281761;3078.968593;330.5890411;1609509480
839;0.0816;0.281761;3071.950913;330.5890411;1609509540
840;0.0816;0.28496;3031.134635;324.7762557;1609509600
841;0.0816;0.28496;2999.430828;324.7762557;1609509660
842;0.0816;0.28496;2990.910905;324.7762557;1609509720
843;0.0816;0.28496;2985.542158;324.7762557;1609509780
844;0.0816;0.28496;2938.861885;324.7762557;1609509840
845;0.0816;0.28496;2922.169319;324.7762557;1609509900
846;0.0816;0.28496;2922.185755;324.7762557;1609509960
847;0.0816;0.28496;2922.165218;324.7762557;1609510020
848;0.0816;0.28496;2922.122402;324.7762557;1609510080
849;0.0816;0.28496;2922.074344;324.7762557;1609510140
850;0.0816;0.28496;2922.007008;310.0547945;1609510200
851;0.0816;0.28496;2921.924224;310.0547945;1609510260
852;0.0816;0.28496;2921.92023;310.0547945;1609510320
853;0.0816;0.28496;2921.76683;310.0547945;1609510380
854;0.0816;0.28496;2910.595122;310.0547945;1609510440
855;0.0816;0.28496;2836.593837;310.0547945;1609510500
856;0.0816;0.28496;2779.85056;310.0547945;1609510560
857;0.0816;0.28496;2765.427208;310.0547945;1609510620
858;0.0816;0.28496;2762.041097;310.0547945;1609510680
859;0.0816;0.28496;2707.675313;310.0547945;1609510740
860;0.0816;0.28496;2684.610751;300.6575342;1609510800
861;0.0816;0.28496;2684.611457;300.6575342;1609510860
862;0.0816;0.28496;2684.581767;300.6575342;1609510920
863;0.0816;0.28496;2684.466802;300.6575342;1609510980
864;0.0816;0.28496;2684.415024;300.6575342;1609511040
865;0.0816;0.28496;2684.310416;300.6575342;1609511100
866;0.0816;0.28496;2684.262744;300.6575342;1609511160
867;0.0816;0.28496;2684.257907;300.6575342;1609511220
868;0.0816;0.28496;2684.157058;300.6575342;1609511280
869;0.0816;0.28496;2675.426303;300.6575342;1609511340
870;0.0816;0.28496;2640.579448;287.1369863;1609511400
871;0.0816;0.28496;2598.984871;287.1369863;1609511460
872;0.0816;0.28496;2563.650167;287.1369863;1609511520
873;0.0816;0.28496;2531.338698;287.1369863;1609511580
874;0.0816;0.28496;2475.535966;287.1369863;1609511640
875;0.0816;0.28496;2455.24131;287.1369863;1609511700
876;0.0816;0.28496;2455.177535;287.1369863;1609511760
877;0.0816;0.28496;2455.099527;287.1369863;1609511820
878;0.0816;0.28496;2455.01698;287.1369863;1609511880
879;0.0816;0.28496;2454.978524;287.1369863;1609511940
880;0.0816;0.28496;2454.92641;265.4018265;1609512000
881;0.0816;0.28496;2454.774915;265.4018265;1609512060
882;0.0816;0.28496;2454.752002;265.4018265;1609512120
883;0.0816;0.28496;2454.740346;265.4018265;1609512180
884;0.0816;0.28496;2435.795651;265.4018265;1609512240
885;0.0816;0.28496;2357.934938;265.4018265;1609512300
886;0.0816;0.28496;2323.704292;265.4018265;1609512360
887;0.0816;0.28496;2286.682913;265.4018265;1609512420
888;0.0816;0.28496;2254.360031;265.4018265;1609512480
889;0.0816;0.28496;2195.674599;265.4018265;1609512540
890;0.0816;0.28496;2176.014375;252.1415525;1609512600
891;0.0816;0.28496;2175.820415;252.1415525;1609512660
892;0.0816;0.28496;2175.552252;252.1415525;1609512720
893;0.0816;0.28496;2175.493615;252.1415525;1609512780
894;0.0816;0.28496;2175.427087;252.1415525;1609512840
895;0.0816;0.28496;2175.310971;252.1415525;1609512900
896;0.0816;0.28496;2175.173683;252.1415525;1609512960
897;0.0816;0.28496;2175.148476;252.1415525;1609513020
898;0.0816;0.28496;2175.147551;252.1415525;1609513080
899;0.0816;0.28496;2172.823807;252.1415525;1609513140
900;0.0816;0.292588;2129.976862;232.9589041;1609513200
901;0.0816;0.292588;2096.668731;232.9589041;1609513260
902;0.0816;0.292588;2081.665719;232.9589041;1609513320
903;0.0816;0.292588;2069.576;232.9589041;1609513380
904;0.0816;0.292588;2016.168236;232.9589041;1609513440
905;0.0816;0.292588;2003.375012;232.9589041;1609513500
906;0.0816;0.292588;2003.239605;232.9589041;1609513560
907;0.0816;0.292588;2003.09547;232.9589041;1609513620
908;0.0816;0.292588;2003.092385;232.9589041;1609513680
909;0.0816;0.292588;2003.067313;232.9589041;1609513740
910;0.0816;0.292588;2003.01955;218.7260274;1609513800
911;0.0816;0.292588;2002.933769;218.7260274;1609513860
912;0.0816;0.292588;2002.927552;218.7260274;1609513920
913;0.0816;0.292588;2002.906299;218.7260274;1609513980
914;0.0816;0.292588;1998.910999;218.7260274;1609514040
915;0.0816;0.292588;1960.471899;218.7260274;1609514100
916;0.0816;0.292588;1910.347221;218.7260274;1609514160
917;0.0816;0.292588;1890.315747;218.7260274;1609514220
918;0.0816;0.292588;1863.455119;218.7260274;1609514280
919;0.0816;0.292588;1788.295736;218.7260274;1609514340
920;0.0816;0.292588;1764.945409;206.3652968;1609514400
921;0.0816;0.292588;1764.861081;206.3652968;1609514460
922;0.0816;0.292588;1764.739562;206.3652968;1609514520
923;0.0816;0.292588;1764.757618;206.3652968;1609514580
924;0.0816;0.292588;1764.751595;206.3652968;1609514640
925;0.0816;0.292588;1764.748645;206.3652968;1609514700
926;0.0816;0.292588;1764.705726;206.3652968;1609514760
927;0.0816;0.292588;1764.718601;206.3652968;1609514820
928;0.0816;0.292588;1764.684329;206.3652968;1609514880
929;0.0816;0.292588;1758.687943;206.3652968;1609514940
930;0.0816;0.292588;1716.296143;189.9863014;1609515000
931;0.0816;0.292588;1680.415967;189.9863014;1609515060
932;0.0816;0.292588;1663.860533;189.9863014;1609515120
933;0.0816;0.292588;1639.41224;189.9863014;1609515180
934;0.0816;0.292588;1591.38359;189.9863014;1609515240
935;0.0816;0.292588;1576.822025;189.9863014;1609515300
936;0.0816;0.292588;1576.807877;189.9863014;1609515360
937;0.0816;0.292588;1576.805814;189.9863014;1609515420
938;0.0816;0.292588;1576.793185;189.9863014;1609515480
939;0.0816;0.292588;1576.789971;189.9863014;1609515540
940;0.0816;0.292588;1576.790557;177.9360731;1609515600
941;0.0816;0.292588;1576.780314;177.9360731;1609515660
942;0.0816;0.292588;1576.797577;177.9360731;1609515720
943;0.0816;0.292588;1576.784889;177.9360731;1609515780
944;0.0816;0.292588;1562.089539;177.9360731;1609515840
945;0.0816;0.292588;1504.667589;177.9360731;1609515900
946;0.0816;0.292588;1450.352419;177.9360731;1609515960
947;0.0816;0.292588;1425.102882;177.9360731;1609516020
948;0.0816;0.292588;1397.124736;177.9360731;1609516080
949;0.0816;0.292588;1342.373512;177.9360731;1609516140
950;0.0816;0.292588;1324.931223;161.0593607;1609516200
951;0.0816;0.292588;1324.92925;161.0593607;1609516260
952;0.0816;0.292588;1324.921155;161.0593607;1609516320
953;0.0816;0.292588;1324.925935;161.0593607;1609516380
954;0.0816;0.292588;1324.930919;161.0593607;1609516440
955;0.0816;0.292588;1324.924815;161.0593607;1609516500
956;0.0816;0.292588;1324.918465;161.0593607;1609516560
957;0.0816;0.292588;1324.920272;161.0593607;1609516620
958;0.0816;0.292588;1324.947586;161.0593607;1609516680
959;0.0816;0.292588;1314.484291;161.0593607;1609516740
960;0.0816;0.307325;1289.732321;145.0410959;1609516800
961;0.0816;0.307325;1261.900006;145.0410959;1609516860
962;0.0816;0.307325;1243.68387;145.0410959;1609516920
963;0.0816;0.307325;1219.468046;145.0410959;1609516980
964;0.0816;0.307325;1184.661385;145.0410959;1609517040
965;0.0816;0.307325;1176.359966;145.0410959;1609517100
966;0.0816;0.307325;1176.36814;145.0410959;1609517160
967;0.0816;0.307325;1176.361182;145.0410959;1609517220
968;0.0816;0.307325;1176.372928;145.0410959;1609517280
969;0.0816;0.307325;1176.380024;145.0410959;1609517340
970;0.0816;0.307325;1176.370089;132.5890411;1609517400
971;0.0816;0.307325;1176.368272;132.5890411;1609517460
972;0.0816;0.307325;1176.369808;132.5890411;1609517520
973;0.0816;0.307325;1176.379162;132.5890411;1609517580
974;0.0816;0.307325;1166.816134;132.5890411;1609517640
975;0.0816;0.307325;1140.444088;132.5890411;1609517700
976;0.0816;0.307325;1099.39465;132.5890411;1609517760
977;0.0816;0.307325;1081.580377;132.5890411;1609517820
978;0.0816;0.307325;1058.084861;132.5890411;1609517880
979;0.0816;0.307325;1002.221271;132.5890411;1609517940
980;0.0816;0.307325;991.522505;122.0639269;1609518000
981;0.0816;0.307325;991.5191774;122.0639269;1609518060
982;0.0816;0.307325;991.5234722;122.0639269;1609518120
983;0.0816;0.307325;991.5279738;122.0639269;1609518180
984;0.0816;0.307325;991.5265138;122.0639269;1609518240
985;0.0816;0.307325;991.5277492;122.0639269;1609518300
986;0.0816;0.307325;991.5218067;122.0639269;1609518360
987;0.0816;0.307325;991.5249712;122.0639269;1609518420
988;0.0816;0.307325;991.5174705;122.0639269;1609518480
989;0.0816;0.307325;988.115812;122.0639269;1609518540
990;0.0816;0.307325;949.3605883;110.1780822;1609518600
991;0.0816;0.307325;917.152645;110.1780822;1609518660
992;0.0816;0.307325;898.26899;110.1780822;1609518720
993;0.0816;0.307325;882.7782708;110.1780822;1609518780
994;0.0816;0.307325;843.4099127;110.1780822;1609518840
995;0.0816;0.307325;834.6863563;110.1780822;1609518900
996;0.0816;0.307325;834.6855401;110.1780822;1609518960
997;0.0816;0.307325;834.6866422;110.1780822;1609519020
998;0.0816;0.307325;834.6982361;110.1780822;1609519080
999;0.0816;0.307325;834.6941922;110.1780822;1609519140
1000;0.0816;0.307325;834.683844;98.24200913;1609519200
1001;0.0816;0.307325;834.694652;98.24200913;1609519260
1002;0.0816;0.307325;834.6942038;98.24200913;1609519320
1003;0.0816;0.307325;834.6355715;98.24200913;1609519380
1004;0.0816;0.307325;822.5896395;98.24200913;1609519440
1005;0.0816;0.307325;761.8141822;98.24200913;1609519500
1006;0.0816;0.307325;726.1020298;98.24200913;1609519560
1007;0.0816;0.307325;706.1966107;98.24200913;1609519620
1008;0.0816;0.307325;686.0587591;98.24200913;1609519680
1009;0.0816;0.307325;647.3439645;98.24200913;1609519740
1010;0.0816;0.307325;636.1808887;85.48858447;1609519800
1011;0.0816;0.307325;636.1644556;85.48858447;1609519860
1012;0.0816;0.307325;636.1865648;85.48858447;1609519920
1013;0.0816;0.307325;636.1668412;85.48858447;1609519980
1014;0.0816;0.307325;636.1641225;85.48858447;1609520040
1015;0.0816;0.307325;636.1698392;85.48858447;1609520100
1016;0.0816;0.307325;636.1884597;85.48858447;1609520160
1017;0.0816;0.307325;636.1666686;85.48858447;1609520220
1018;0.0816;0.307325;636.1753564;85.48858447;1609520280
1019;0.0816;0.307325;630.5048545;85.48858447;1609520340
1020;0.0816;0.32569;601.1830896;72.61187215;1609520400
1021;0.0816;0.32569;574.5843985;72.61187215;1609520460
1022;0.0816;0.32569;555.2419206;72.61187215;1609520520
1023;0.0816;0.32569;538.6073637;72.61187215;1609520580
1024;0.0816;0.32569;508.8470064;72.61187215;1609520640
1025;0.0816;0.32569;501.2707247;72.61187215;1609520700
1026;0.0816;0.32569;501.2476836;72.61187215;1609520760
1027;0.0816;0.32569;501.2578142;72.61187215;1609520820
1028;0.0816;0.32569;501.2620906;72.61187215;1609520880
1029;0.0816;0.32569;501.2772504;72.61187215;1609520940
1030;0.0816;0.32569;501.2693401;60.87671233;1609521000
1031;0.0816;0.32569;501.2694139;60.87671233;1609521060
1032;0.0816;0.32569;501.2658936;60.87671233;1609521120
1033;0.0816;0.32569;501.282204;60.87671233;1609521180
1034;0.0816;0.32569;496.7851336;60.87671233;1609521240
1035;0.0816;0.32569;458.1559019;60.87671233;1609521300
1036;0.0816;0.32569;437.8623922;60.87671233;1609521360
1037;0.0816;0.32569;424.7863808;60.87671233;1609521420
1038;0.0816;0.32569;410.248782;60.87671233;1609521480
1039;0.0816;0.32569;382.0557831;60.87671233;1609521540
1040;0.0816;0.32569;373.8852111;50.96347032;1609521600
1041;0.0816;0.32569;373.8877009;50.96347032;1609521660
1042;0.0816;0.32569;373.89035;50.96347032;1609521720
1043;0.0816;0.32569;373.8974377;50.96347032;1609521780
1044;0.0816;0.32569;373.8877354;50.96347032;1609521840
1045;0.0816;0.32569;373.8864823;50.96347032;1609521900
1046;0.0816;0.32569;373.877838;50.96347032;1609521960
1047;0.0816;0.32569;373.8836016;50.96347032;1609522020
1048;0.0816;0.32569;373.8873763;50.96347032;1609522080
1049;0.0816;0.32569;369.4782526;50.96347032;1609522140
1050;0.0816;0.32569;350.4758489;42.78995434;1609522200
1051;0.0816;0.32569;337.4279659;42.78995434;1609522260
1052;0.0816;0.32569;328.7647109;42.78995434;1609522320
1053;0.0816;0.32569;312.5975624;42.78995434;1609522380
1054;0.0816;0.32569;293.5144364;42.78995434;1609522440
1055;0.0816;0.32569;288.2755314;42.78995434;1609522500
1056;0.0816;0.32569;288.270735;42.78995434;1609522560
1057;0.0816;0.32569;288.2670608;42.78995434;1609522620
1058;0.0816;0.32569;288.2612284;42.78995434;1609522680
1059;0.0816;0.32569;288.268241;42.78995434;1609522740
1060;0.0816;0.32569;288.2637511;36.39726027;1609522800
1061;0.0816;0.32569;288.2848263;36.39726027;1609522860
1062;0.0816;0.32569;288.2737139;36.39726027;1609522920
1063;0.0816;0.32569;288.266288;36.39726027;1609522980
1064;0.0816;0.32569;282.5657301;36.39726027;1609523040
1065;0.0816;0.32569;260.2657594;36.39726027;1609523100
1066;0.0816;0.32569;243.4168134;36.39726027;1609523160
1067;0.0816;0.32569;234.2939904;36.39726027;1609523220
1068;0.0816;0.32569;218.8918602;36.39726027;1609523280
1069;0.0816;0.32569;203.8415253;36.39726027;1609523340
1070;0.0816;0.32569;200.4085763;28.9086758;1609523400
1071;0.0816;0.32569;200.4009076;28.9086758;1609523460
1072;0.0816;0.32569;200.4079952;28.9086758;1609523520
1073;0.0816;0.32569;200.4168413;28.9086758;1609523580
1074;0.0816;0.32569;200.3983067;28.9086758;1609523640
1075;0.0816;0.32569;200.4071372;28.9086758;1609523700
1076;0.0816;0.32569;200.4072241;28.9086758;1609523760
1077;0.0816;0.32569;200.3943293;28.9086758;1609523820
1078;0.0816;0.32569;200.4484324;28.9086758;1609523880
1079;0.0816;0.32569;196.0500798;28.9086758;1609523940
1080;0.0816;0.33296;172.7206105;23.57534247;1609524000
1081;0.0816;0.33296;158.6443445;23.57534247;1609524060
1082;0.0816;0.33296;156.1735439;23.57534247;1609524120
1083;0.0816;0.33296;150.3880153;23.57534247;1609524180
1084;0.0816;0.33296;143.2672479;23.57534247;1609524240
1085;0.0816;0.33296;141.3563809;23.57534247;1609524300
1086;0.0816;0.33296;141.3344224;23.57534247;1609524360
1087;0.0816;0.33296;141.3453502;23.57534247;1609524420
1088;0.0816;0.33296;141.3464523;23.57534247;1609524480
1089;0.0816;0.33296;141.3507072;23.57534247;1609524540
1090;0.0816;0.33296;141.3508967;18.37899543;1609524600
1091;0.0816;0.33296;141.3539694;18.37899543;1609524660
1092;0.0816;0.33296;141.3511686;18.37899543;1609524720
1093;0.0816;0.33296;141.33164;18.37899543;1609524780
1094;0.0816;0.33296;136.9033521;18.37899543;1609524840
1095;0.0816;0.33296;107.4932925;18.37899543;1609524900
1096;0.0816;0.33296;88.22915392;18.37899543;1609524960
1097;0.0816;0.33296;83.30914937;18.37899543;1609525020
1098;0.0816;0.33296;78.27524844;18.37899543;1609525080
1099;0.0816;0.33296;73.59301957;18.37899543;1609525140
1100;0.0816;0.33296;72.55702068;13.93150685;1609525200
1101;0.0816;0.33296;72.54311438;13.93150685;1609525260
1102;0.0816;0.33296;72.5406673;13.93150685;1609525320
1103;0.0816;0.33296;72.53888664;13.93150685;1609525380
1104;0.0816;0.33296;72.55561679;13.93150685;1609525440
1105;0.0816;0.33296;72.54915838;13.93150685;1609525500
1106;0.0816;0.33296;72.55201052;13.93150685;1609525560
1107;0.0816;0.33296;72.54956715;13.93150685;1609525620
1108;0.0816;0.33296;72.54797617;13.93150685;1609525680
1109;0.0816;0.33296;69.77392035;13.93150685;1609525740
1110;0.0816;0.33296;54.53920815;9.118721461;1609525800
1111;0.0816;0.33296;44.17111475;9.118721461;1609525860
1112;0.0816;0.33296;41.75466013;9.118721461;1609525920
1113;0.0816;0.33296;38.99846481;9.118721461;1609525980
1114;0.0816;0.33296;37.9415882;9.118721461;1609526040
1115;0.0816;0.33296;37.83417878;9.118721461;1609526100
1116;0.0816;0.33296;37.8436583;9.118721461;1609526160
1117;0.0816;0.33296;37.85501119;9.118721461;1609526220
1118;0.0816;0.33296;37.86529068;9.118721461;1609526280
1119;0.0816;0.33296;37.83270718;9.118721461;1609526340
1120;0.0816;0.33296;37.85370899;5.497716895;1609526400
1121;0.0816;0.33296;37.84439357;5.497716895;1609526460
1122;0.0816;0.33296;37.86228431;5.497716895;1609526520
1123;0.0816;0.33296;37.84438317;5.497716895;1609526580
1124;0.0816;0.33296;36.18883863;5.497716895;1609526640
1125;0.0816;0.33296;25.55295526;5.497716895;1609526700
1126;0.0816;0.33296;18.1970585;5.497716895;1609526760
1127;0.0816;0.33296;15.96452607;5.497716895;1609526820
1128;0.0816;0.33296;14.89345406;5.497716895;1609526880
1129;0.0816;0.33296;14.74101508;5.497716895;1609526940
1130;0.0816;0.33296;14.75186128;3.442922374;1609527000
1131;0.0816;0.33296;14.75731752;3.442922374;1609527060
1132;0.0816;0.33296;14.75201095;3.442922374;1609527120
1133;0.0816;0.33296;14.74264879;3.442922374;1609527180
1134;0.0816;0.33296;14.75873899;3.442922374;1609527240
1135;0.0816;0.33296;14.75113276;3.442922374;1609527300
1136;0.0816;0.33296;14.749313;3.442922374;1609527360
1137;0.0816;0.33296;14.77310871;3.442922374;1609527420
1138;0.0816;0.33296;14.75953924;3.442922374;1609527480
1139;0.0816;0.33296;14.19675909;3.442922374;1609527540
1140;0.0816;0.323859;9.242707449;1.95890411;1609527600
1141;0.0816;0.323859;5.591148055;1.95890411;1609527660
1142;0.0816;0.323859;4.963554651;1.95890411;1609527720
1143;0.0816;0.323859;4.797341375;1.95890411;1609527780
1144;0.0816;0.323859;4.850516419;1.95890411;1609527840
1145;0.0816;0.323859;4.870261039;1.95890411;1609527900
1146;0.0816;0.323859;4.862660885;1.95890411;1609527960
1147;0.0816;0.323859;4.879635237;1.95890411;1609528020
1148;0.0816;0.323859;4.870344961;1.95890411;1609528080
1149;0.0816;0.323859;4.884107842;1.95890411;1609528140
1150;0.0816;0.323859;4.867156444;0.908675799;1609528200
1151;0.0816;0.323859;4.87132642;0.908675799;1609528260
1152;0.0816;0.323859;4.861368197;0.908675799;1609528320
1153;0.0816;0.323859;4.868382024;0.908675799;1609528380
1154;0.0816;0.323859;4.432133883;0.908675799;1609528440
1155;0.0816;0.323859;2.450287264;0.908675799;1609528500
1156;0.0816;0.323859;0.883933815;0.908675799;1609528560
1157;0.0816;0.323859;0.726047895;0.908675799;1609528620
1158;0.0816;0.323859;0.714930961;0.908675799;1609528680
1159;0.0816;0.323859;0.733036379;0.908675799;1609528740
1160;0.0816;0.323859;0.73039341;0.342465753;1609528800
1161;0.0816;0.323859;0.737308696;0.342465753;1609528860
1162;0.0816;0.323859;0.742502064;0.342465753;1609528920
1163;0.0816;0.323859;0.75362051;0.342465753;1609528980
1164;0.0816;0.323859;0.727042552;0.342465753;1609529040
1165;0.0816;0.323859;0.74043812;0.342465753;1609529100
1166;0.0816;0.323859;0.739540402;0.342465753;1609529160
1167;0.0816;0.323859;0.75458137;0.342465753;1609529220
1168;0.0816;0.323859;0.747676567;0.342465753;1609529280
1169;0.0816;0.323859;0.310510133;0.342465753;1609529340
1170;0.0816;0.323859;0.24376419;0.105022831;1609529400
1171;0.0816;0.323859;0.179192057;0.105022831;1609529460
1172;0.0816;0.323859;0.179872367;0.105022831;1609529520
1173;0.0816;0.323859;0.160839686;0.105022831;1609529580
1174;0.0816;0.323859;0.165074363;0.105022831;1609529640
1175;0.0816;0.323859;0.172106645;0.105022831;1609529700
1176;0.0816;0.323859;0.187468098;0.105022831;1609529760
1177;0.0816;0.323859;0.18085051;0.105022831;1609529820
1178;0.0816;0.323859;0.192136575;0.105022831;1609529880
1179;0.0816;0.323859;0.172180985;0.105022831;1609529940
1180;0.0816;0.323859;0.174523335;0.03196347;1609530000
1181;0.0816;0.323859;0.174664891;0.03196347;1609530060
1182;0.0816;0.323859;0.17688159;0.03196347;1609530120
1183;0.0816;0.323859;0.192194913;0.03196347;1609530180
1184;0.0816;0.323859;0.035673152;0.03196347;1609530240
1185;0.0816;0.323859;-0.028594376;0.03196347;1609530300
1186;0.0816;0.323859;0.028317081;0.03196347;1609530360
1187;0.0816;0.323859;0.000728495;0.03196347;1609530420
1188;0.0816;0.323859;-0.000507172;0.03196347;1609530480
1189;0.0816;0.323859;0.02238721;0.03196347;1609530540
1190;0.0816;0.323859;-4.28E-05;0.01369863;1609530600
1191;0.0816;0.323859;0.00164509;0.01369863;1609530660
1192;0.0816;0.323859;-0.011731304;0.01369863;1609530720
1193;0.0816;0.323859;0.010695577;0.01369863;1609530780
1194;0.0816;0.323859;0.002663911;0.01369863;1609530840
1195;0.0816;0.323859;-0.018960893;0.01369863;1609530900
1196;0.0816;0.323859;-0.000416389;0.01369863;1609530960
1197;0.0816;0.323859;-0.032878492;0.01369863;1609531020
1198;0.0816;0.323859;-0.001055923;0.01369863;1609531080
1199;0.0816;0.323859;0.033176954;0.01369863;1609531140
1200;0.0816;0.308704;0.013971954;0;1609531200
1201;0.0816;0.308704;-0.000331095;0;1609531260
1202;0.0816;0.308704;0.005268079;0;1609531320
1203;0.0816;0.308704;-0.018590069;0;1609531380
1204;0.0816;0.308704;-0.01911922;0;1609531440
1205;0.0816;0.308704;-0.014719532;0;1609531500
1206;0.0816;0.308704;0.004967269;0;1609531560
1207;0.0816;0.308704;-0.008943388;0;1609531620
1208;0.0816;0.308704;0.00337574;0;1609531680
1209;0.0816;0.308704;0.003517378;0;1609531740
1210;0.0816;0.308704;0.011179295;0;1609531800
1211;0.0816;0.308704;0.006231233;0;1609531860
1212;0.0816;0.308704;0.007908562;0;1609531920
1213;0.0816;0.308704;0.0061505;0;1609531980
1214;0.0816;0.308704;0.009468473;0;1609532040
1215;0.0816;0.308704;0.058961068;0;1609532100
1216;0.0816;0.308704;0.017800477;0;1609532160
1217;0.0816;0.308704;0.020271128;0;1609532220
1218;0.0816;0.308704;-0.009886815;0;1609532280
1219;0.0816;0.308704;-0.009435167;0;1609532340
1220;0.0816;0.308704;-9.23E-05;0;1609532400
1221;0.0816;0.308704;0.000565928;0;1609532460
1222;0.0816;0.308704;0.000221418;0;1609532520
1223;0.0816;0.308704;0.003030544;0;1609532580
1224;0.0816;0.308704;0.000261096;0;1609532640
1225;0.0816;0.308704;-0.00479812;0;1609532700
1226;0.0816;0.308704;-0.002776233;0;1609532760
1227;0.0816;0.308704;-0.008275447;0;1609532820
1228;0.0816;0.308704;-0.016722397;0;1609532880
1229;0.0816;0.308704;-0.023038451;0;1609532940
1230;0.0816;0.308704;0.01574261;0;1609533000
1231;0.0816;0.308704;0.020321458;0;1609533060
1232;0.0816;0.308704;-0.008042756;0;1609533120
1233;0.0816;0.308704;-0.003839434;0;1609533180
1234;0.0816;0.308704;-0.092370995;0;1609533240
1235;0.0816;0.308704;0.003403463;0;1609533300
1236;0.0816;0.308704;0.005653955;0;1609533360
1237;0.0816;0.308704;0.013145571;0;1609533420
1238;0.0816;0.308704;0.00024678;0;1609533480
1239;0.0816;0.308704;-0.000112806;0;1609533540
1240;0.0816;0.308704;-0.001240907;0;1609533600
1241;0.0816;0.308704;-0.02062004;0;1609533660
1242;0.0816;0.308704;0.010932045;0;1609533720
1243;0.0816;0.308704;-0.013303829;0;1609533780
1244;0.0816;0.308704;-0.005573569;0;1609533840
1245;0.0816;0.308704;-0.017722762;0;1609533900
1246;0.0816;0.308704;-0.011986364;0;1609533960
1247;0.0816;0.308704;0.007098779;0;1609534020
1248;0.0816;0.308704;-0.03762617;0;1609534080
1249;0.0816;0.308704;-0.003348931;0;1609534140
1250;0.0816;0.308704;-0.002730004;0;1609534200
1251;0.0816;0.308704;0.003444555;0;1609534260
1252;0.0816;0.308704;-0.0118017;0;1609534320
1253;0.0816;0.308704;-0.016190855;0;1609534380
1254;0.0816;0.308704;-0.015828997;0;1609534440
1255;0.0816;0.308704;-0.010525391;0;1609534500
1256;0.0816;0.308704;-0.03052099;0;1609534560
1257;0.0816;0.308704;-0.005572047;0;1609534620
1258;0.0816;0.308704;0.021178332;0;1609534680
1259;0.0816;0.308704;0.036195869;0;1609534740
1260;0.0816;0.29697;0.006811148;0;1609534800
1261;0.0816;0.29697;-0.022274183;0;1609534860
1262;0.0816;0.29697;-0.012487992;0;1609534920
1263;0.0816;0.29697;-0.008689126;0;1609534980
1264;0.0816;0.29697;0.029294036;0;1609535040
1265;0.0816;0.29697;0.00192788;0;1609535100
1266;0.0816;0.29697;-0.009569397;0;1609535160
1267;0.0816;0.29697;0.003228379;0;1609535220
1268;0.0816;0.29697;-0.007984627;0;1609535280
1269;0.0816;0.29697;0.001082925;0;1609535340
1270;0.0816;0.29697;-0.00070343;0;1609535400
1271;0.0816;0.29697;-0.013431896;0;1609535460
1272;0.0816;0.29697;-0.013840157;0;1609535520
1273;0.0816;0.29697;-0.009812859;0;1609535580
1274;0.0816;0.29697;-0.006392533;0;1609535640
1275;0.0816;0.29697;-0.036979673;0;1609535700
1276;0.0816;0.29697;0.026124138;0;1609535760
1277;0.0816;0.29697;-0.012347371;0;1609535820
1278;0.0816;0.29697;0.004687868;0;1609535880
1279;0.0816;0.29697;-0.018830206;0;1609535940
1280;0.0816;0.29697;-0.008751626;0;1609536000
1281;0.0816;0.29697;0.006944104;0;1609536060
1282;0.0816;0.29697;-0.016521613;0;1609536120
1283;0.0816;0.29697;-0.015217407;0;1609536180
1284;0.0816;0.29697;-0.012333068;0;1609536240
1285;0.0816;0.29697;0.005683754;0;1609536300
1286;0.0816;0.29697;0.00288458;0;1609536360
1287;0.0816;0.29697;-0.008256107;0;1609536420
1288;0.0816;0.29697;-0.010627941;0;1609536480
1289;0.0816;0.29697;0.01105152;0;1609536540
1290;0.0816;0.29697;-0.027271195;0;1609536600
1291;0.0816;0.29697;-0.072656199;0;1609536660
1292;0.0816;0.29697;-0.031932474;0;1609536720
1293;0.0816;0.29697;-0.006609884;0;1609536780
1294;0.0816;0.29697;-0.040382694;0;1609536840
1295;0.0816;0.29697;-0.006185973;0;1609536900
1296;0.0816;0.29697;0.002591182;0;1609536960
1297;0.0816;0.29697;0.000710399;0;1609537020
1298;0.0816;0.29697;-0.012115878;0;1609537080
1299;0.0816;0.29697;0.001056181;0;1609537140
1300;0.0816;0.29697;0.006054513;0;1609537200
1301;0.0816;0.29697;-0.015015122;0;1609537260
1302;0.0816;0.29697;-0.017049206;0;1609537320
1303;0.0816;0.29697;3.69E-05;0;1609537380
1304;0.0816;0.29697;-0.029485669;0;1609537440
1305;0.0816;0.29697;0.051665077;0;1609537500
1306;0.0816;0.29697;0.026575104;0;1609537560
1307;0.0816;0.29697;0.016658161;0;1609537620
1308;0.0816;0.29697;-0.033970572;0;1609537680
1309;0.0816;0.29697;0.003623516;0;1609537740
1310;0.0816;0.29697;0.004666827;0;1609537800
1311;0.0816;0.29697;-0.004782542;0;1609537860
1312;0.0816;0.29697;0.001221119;0;1609537920
1313;0.0816;0.29697;-0.004745563;0;1609537980
1314;0.0816;0.29697;-0.011267973;0;1609538040
1315;0.0816;0.29697;-0.012422621;0;1609538100
1316;0.0816;0.29697;0.010855261;0;1609538160
1317;0.0816;0.29697;0.005077013;0;1609538220
1318;0.0816;0.29697;-0.005941753;0;1609538280
1319;0.0816;0.29697;-0.00506474;0;1609538340
1320;0.0816;0.286344;-0.03158371;0;1609538400
1321;0.0816;0.286344;-0.027821097;0;1609538460
1322;0.0816;0.286344;-0.005568216;0;1609538520
1323;0.0816;0.286344;-0.008468129;0;1609538580
1324;0.0816;0.286344;-0.03338999;0;1609538640
1325;0.0816;0.286344;0.01425444;0;1609538700
1326;0.0816;0.286344;0.01167811;0;1609538760
1327;0.0816;0.286344;0.005860383;0;1609538820
1328;0.0816;0.286344;0.00501609;0;1609538880
1329;0.0816;0.286344;0.001116534;0;1609538940
1330;0.0816;0.286344;-0.003895752;0;1609539000
1331;0.0816;0.286344;0.013165553;0;1609539060
1332;0.0816;0.286344;-0.001326747;0;1609539120
1333;0.0816;0.286344;-0.006606818;0;1609539180
1334;0.0816;0.286344;0.000724491;0;1609539240
1335;0.0816;0.286344;-0.013694313;0;1609539300
1336;0.0816;0.286344;-0.041623998;0;1609539360
1337;0.0816;0.286344;-0.000611777;0;1609539420
1338;0.0816;0.286344;-0.032155202;0;1609539480
1339;0.0816;0.286344;0.025598864;0;1609539540
1340;0.0816;0.286344;0.008752132;0;1609539600
1341;0.0816;0.286344;-0.008020252;0;1609539660
1342;0.0816;0.286344;-0.005127866;0;1609539720
1343;0.0816;0.286344;0.010665104;0;1609539780
1344;0.0816;0.286344;0.001105378;0;1609539840
1345;0.0816;0.286344;-0.010595022;0;1609539900
1346;0.0816;0.286344;-0.001883317;0;1609539960
1347;0.0816;0.286344;-0.000500534;0;1609540020
1348;0.0816;0.286344;0.002444373;0;1609540080
1349;0.0816;0.286344;0.018696113;0;1609540140
1350;0.0816;0.286344;-0.020514373;0;1609540200
1351;0.0816;0.286344;-0.065761312;0;1609540260
1352;0.0816;0.286344;0.003517834;0;1609540320
1353;0.0816;0.286344;-0.001932439;0;1609540380
1354;0.0816;0.286344;-0.021132801;0;1609540440
1355;0.0816;0.286344;0.005602333;0;1609540500
1356;0.0816;0.286344;0.008560008;0;1609540560
1357;0.0816;0.286344;0.009221901;0;1609540620
1358;0.0816;0.286344;0.006497683;0;1609540680
1359;0.0816;0.286344;0.008983822;0;1609540740
1360;0.0816;0.286344;0.030509936;0;1609540800
1361;0.0816;0.286344;0.018083735;0;1609540860
1362;0.0816;0.286344;0.026908685;0;1609540920
1363;0.0816;0.286344;0.001159047;0;1609540980
1364;0.0816;0.286344;0.042326833;0;1609541040
1365;0.0816;0.286344;-0.062384379;0;1609541100
1366;0.0816;0.286344;-0.038233247;0;1609541160
1367;0.0816;0.286344;0.005774214;0;1609541220
1368;0.0816;0.286344;-0.06021231;0;1609541280
1369;0.0816;0.286344;-0.054320571;0;1609541340
1370;0.0816;0.286344;0.017740268;0;1609541400
1371;0.0816;0.286344;-0.000502004;0;1609541460
1372;0.0816;0.286344;0.013387672;0;1609541520
1373;0.0816;0.286344;-0.002647365;0;1609541580
1374;0.0816;0.286344;-0.007096725;0;1609541640
1375;0.0816;0.286344;0.000158114;0;1609541700
1376;0.0816;0.286344;-0.006380952;0;1609541760
1377;0.0816;0.286344;-0.001482342;0;1609541820
1378;0.0816;0.286344;0.009603241;0;1609541880
1379;0.0816;0.286344;0.031808077;0;1609541940
1380;0.0816;0.275234;0.010830789;0;1609542000
1381;0.0816;0.275225;-0.013760743;0;1609542060
1382;0.0816;0.275225;0.01177718;0;1609542120
1383;0.0816;0.275225;0.025377056;0;1609542180
1384;0.0816;0.275225;-0.011390253;0;1609542240
1385;0.0816;0.275225;-0.00665747;0;1609542300
1386;0.0816;0.275225;-0.000355484;0;1609542360
1387;0.0816;0.275225;0.007558869;0;1609542420
1388;0.0816;0.275225;-0.012022847;0;1609542480
1389;0.0816;0.275225;0.005433389;0;1609542540
1390;0.0816;0.275225;0.00446907;0;1609542600
1391;0.0816;0.275225;0.00079489;0;1609542660
1392;0.0816;0.275225;0.003959104;0;1609542720
1393;0.0816;0.275225;0.031655628;0;1609542780
1394;0.0816;0.275225;-0.016375133;0;1609542840
1395;0.0816;0.275225;-0.012678523;0;1609542900
1396;0.0816;0.275225;0.005756586;0;1609542960
1397;0.0816;0.275225;0.00163857;0;1609543020
1398;0.0816;0.275225;0.025173925;0;1609543080
1399;0.0816;0.275225;-0.046267563;0;1609543140
1400;0.0816;0.275225;0.0187102;0;1609543200
1401;0.0816;0.275225;0.001894556;0;1609543260
1402;0.0816;0.275225;0.023544634;0;1609543320
1403;0.0816;0.275225;-0.000529412;0;1609543380
1404;0.0816;0.275225;-0.0022422;0;1609543440
1405;0.0816;0.275225;-0.003527149;0;1609543500
1406;0.0816;0.275225;-0.000444323;0;1609543560
1407;0.0816;0.275225;0.008056641;0;1609543620
1408;0.0816;0.275225;-0.004116513;0;1609543680
1409;0.0816;0.275225;-0.025246191;0;1609543740
1410;0.0816;0.275225;-0.035087063;0;1609543800
1411;0.0816;0.275225;0.018449407;0;1609543860
1412;0.0816;0.275225;0.004021562;0;1609543920
1413;0.0816;0.275225;0.013847152;0;1609543980
1414;0.0816;0.275225;-0.036021458;0;1609544040
1415;0.0816;0.275225;-0.002692709;0;1609544100
1416;0.0816;0.275225;-0.005380179;0;1609544160
1417;0.0816;0.275225;0.013549036;0;1609544220
1418;0.0816;0.275225;0.011632782;0;1609544280
1419;0.0816;0.275225;-0.00694748;0;1609544340
1420;0.0816;0.275225;-0.002591024;0;1609544400
1421;0.0816;0.275225;0.006993411;0;1609544460
1422;0.0816;0.275225;0.001098259;0;1609544520
1423;0.0816;0.275225;0.014941199;0;1609544580
1424;0.0816;0.275225;-0.097904881;0;1609544640
1425;0.0816;0.275225;-0.051563281;0;1609544700
1426;0.0816;0.275225;-0.013348774;0;1609544760
1427;0.0816;0.275225;0.010219794;0;1609544820
1428;0.0816;0.275225;-0.015611811;0;1609544880
1429;0.0816;0.275225;0.020024565;0;1609544940
1430;0.0816;0.275225;-0.005051352;0;1609545000
1431;0.0816;0.275225;-0.030737589;0;1609545060
1432;0.0816;0.275225;0.007985621;0;1609545120
1433;0.0816;0.275225;-0.001371479;0;1609545180
1434;0.0816;0.275225;-0.007783499;0;1609545240
1435;0.0816;0.275225;-0.020040727;0;1609545300
1436;0.0816;0.275225;0.003490879;0;1609545360
1437;0.0816;0.275225;-0.005867079;0;1609545420
1438;0.0816;0.275225;-0.02609189;0;1609545480
1439;0.0816;0.275225;-0.003450071;0;1609545540
